ROI_ID,ROI_Name,pIPS_clean_Connectivity,LO_clean_Connectivity,pIPS_CI_Lower,pIPS_CI_Upper,LO_CI_Lower,LO_CI_Upper,pIPS_LOO_Reliability,LO_LOO_Reliability,pIPS_Bootstrap_Significant,LO_Bootstrap_Significant,pIPS_LOO_Significant,LO_LOO_Significant,pIPS_Combined_Significant,LO_Combined_Significant,Both_Networks_Significant
1,7Networks_LH_Vis_1,0.09625672517965238,0.06584884845910387,0.07773635382246641,0.11492408783847673,0.04018271914974321,0.10200334376616713,1.0,0.8888888888888888,True,True,True,True,True,True,True
2,7Networks_LH_Vis_2,0.08939977642148733,0.0942978754432665,0.07574345575283385,0.10181058149577843,0.07310264258283294,0.11531351294834168,1.0,1.0,True,True,True,True,True,True,True
3,7Networks_LH_Vis_3,0.025953458505682647,0.08405267369622986,0.014797495636675094,0.0373445070067343,0.06094195946352557,0.10745320325303408,0.9444444444444444,1.0,True,True,True,True,True,True,True
4,7Networks_LH_Vis_4,0.11313291887442271,-0.026347908993355103,0.0884691886500352,0.13920594599201447,-0.06604939872890503,0.02090541837517065,1.0,0.7222222222222222,True,False,True,False,True,False,False
5,7Networks_LH_Vis_5,0.004728238615724776,0.09951761587419444,-0.00813575291669824,0.01583828143775463,0.0713886753306724,0.12879534055504738,0.6666666666666666,1.0,False,True,False,True,False,True,False
6,7Networks_LH_Vis_6,0.08059697370562288,0.008366245207273297,0.06290098163299263,0.09975668148965468,-0.018254954361408535,0.04580215655603549,1.0,0.2777777777777778,True,False,True,False,True,False,False
7,7Networks_LH_Vis_7,0.07609390343228976,-0.010444913887315325,0.05449487077486184,0.10017931739437497,-0.045230584586453106,0.02568673762596313,1.0,0.5555555555555556,True,False,True,False,True,False,False
8,7Networks_LH_Vis_8,0.10685043761299716,0.0773255622221364,0.0876125628594309,0.12776014900559352,0.05472694722961428,0.1003655136601689,1.0,0.9444444444444444,True,True,True,True,True,True,True
9,7Networks_LH_Vis_9,0.03103579102187521,0.10414120241896146,0.014629336570700011,0.04970315223714957,0.06402398551840129,0.14510432198682488,0.7777777777777778,0.8888888888888888,True,True,True,True,True,True,True
10,7Networks_LH_Vis_10,0.12776094095574486,-0.021242087952689163,0.10012383874402278,0.15704323501429623,-0.057379383759042765,0.022478465162566845,1.0,0.6666666666666666,True,False,True,False,True,False,False
11,7Networks_LH_Vis_11,0.09658655379381445,0.11623044622441132,0.07764300568443207,0.11806263568707638,0.08020460040101575,0.1505081336220933,1.0,0.8888888888888888,True,True,True,True,True,True,True
12,7Networks_LH_Vis_12,0.12864779577487045,-0.008966399796514047,0.09824998332704935,0.16374114811834362,-0.031595485533923946,0.014937375652112273,1.0,0.7222222222222222,True,False,True,False,True,False,False
13,7Networks_LH_Vis_13,0.1542596752858824,-0.07511857193377283,0.12006381194935076,0.18951453938045434,-0.1113856129710459,-0.03711673425665746,1.0,0.8333333333333334,True,True,True,True,True,True,True
14,7Networks_LH_Vis_14,0.1518336528291305,-0.06276270876535112,0.11954390520436896,0.18627327663513518,-0.10009130566484399,-0.024699623745659174,1.0,0.7777777777777778,True,True,True,True,True,True,True
15,7Networks_LH_SomMot_1,0.04051413506062494,0.022689032135531306,0.027288761187810453,0.05614534846455273,0.0068340447492017935,0.0411752185021113,1.0,0.7222222222222222,True,True,True,False,True,False,False
16,7Networks_LH_SomMot_2,0.05640054680407047,0.02928185667325225,0.03644575741038554,0.08193088590891823,0.013894999821463394,0.04459674541980752,1.0,0.7222222222222222,True,True,True,False,True,False,False
17,7Networks_LH_SomMot_3,0.04821001562393374,0.021230010574476585,0.027776554964172345,0.07864713368471711,0.010528931376110348,0.0322131904372428,1.0,0.8333333333333334,True,True,True,True,True,True,True
18,7Networks_LH_SomMot_4,0.05594434754716025,0.020888713628260627,0.03572388929314912,0.08216449223303547,0.006577786490864431,0.03688165161745726,1.0,0.7777777777777778,True,True,True,True,True,True,True
19,7Networks_LH_SomMot_5,0.05915825363869468,0.018993832364988823,0.03638015659784691,0.09158340971658215,0.0029808752992216293,0.03854413701273086,1.0,0.7777777777777778,True,True,True,True,True,True,True
20,7Networks_LH_SomMot_6,0.05129016635732518,0.043428331044399075,0.03759606177142511,0.06589650496219594,0.027777045202027593,0.0608857402836697,1.0,1.0,True,True,True,True,True,True,True
21,7Networks_LH_SomMot_7,0.059185440031190716,0.05955945550360613,0.045781550512442155,0.07342255319365197,0.03617296683110504,0.08866839183546188,1.0,0.8888888888888888,True,True,True,True,True,True,True
22,7Networks_LH_SomMot_8,0.05253595910552475,0.04546986949733562,0.04003047124586172,0.06610328457576946,0.017346528962823668,0.0805016516526747,1.0,0.7777777777777778,True,True,True,True,True,True,True
23,7Networks_LH_SomMot_9,0.06440284879257281,0.057290607338978186,0.0484760878711111,0.08016345449205901,0.0382819129102346,0.07988202258841032,1.0,0.9444444444444444,True,True,True,True,True,True,True
24,7Networks_LH_SomMot_10,0.06199943170779281,0.059146320912986994,0.04668564455738912,0.07795586865912708,0.0339816717366274,0.08760048245571346,1.0,0.8888888888888888,True,True,True,True,True,True,True
25,7Networks_LH_SomMot_11,0.11117324233055115,0.06581857553424521,0.09001510998027193,0.13253137404099108,0.04136586081779872,0.09333399888839468,1.0,0.9444444444444444,True,True,True,True,True,True,True
26,7Networks_LH_SomMot_12,0.06619931415965159,0.056281010432737984,0.04729914449983173,0.0870976797874189,0.03606100383977819,0.07643820165022691,1.0,0.8888888888888888,True,True,True,True,True,True,True
27,7Networks_LH_SomMot_13,0.0829158535020219,0.03875444487979015,0.0671996735346814,0.09934198929824763,0.019223964187161376,0.05998385731363669,1.0,0.8333333333333334,True,True,True,True,True,True,True
28,7Networks_LH_SomMot_14,0.05686036352482107,0.03522020306748649,0.03789968196069822,0.08122098002867356,0.022273511167279342,0.047704807564797294,1.0,0.8888888888888888,True,True,True,True,True,True,True
29,7Networks_LH_SomMot_15,0.07393178985350662,0.037269646211320326,0.056213770664504004,0.09298317978779475,0.020636142391595058,0.05418313534205987,1.0,0.8888888888888888,True,True,True,True,True,True,True
30,7Networks_LH_SomMot_16,0.06976671930816439,0.042095774629463754,0.05335276271216571,0.08711784097572996,0.02342878500672264,0.0607285184591698,1.0,0.8333333333333334,True,True,True,True,True,True,True
31,7Networks_LH_DorsAttn_Post_1,0.046318991200274065,0.1111338757392433,0.03560105032876082,0.05708813543153357,0.09086710149939689,0.1342601627577096,0.9444444444444444,1.0,True,True,True,True,True,True,True
32,7Networks_LH_DorsAttn_Post_2,0.07424823818210927,0.055849253898486495,0.05346181296433011,0.0961765821460479,0.032308069733618244,0.0826721985999029,1.0,0.9444444444444444,True,True,True,True,True,True,True
33,7Networks_LH_DorsAttn_Post_3,0.12562998345432183,0.11164010916319159,0.09143151991302147,0.15793937620732726,0.07326166132051083,0.15220889012174055,0.9444444444444444,0.9444444444444444,True,True,True,True,True,True,True
34,7Networks_LH_DorsAttn_Post_4,0.06107666281362375,0.05054726079106331,0.04568220897215522,0.07708138399757444,0.02420638806134876,0.08339762733020405,1.0,0.8888888888888888,True,True,True,True,True,True,True
35,7Networks_LH_DorsAttn_Post_5,0.07869097549054357,0.0842770298735963,0.058541307727702795,0.10049783080919748,0.056323551474553014,0.1189022068037755,1.0,0.9444444444444444,True,True,True,True,True,True,True
36,7Networks_LH_DorsAttn_Post_6,0.08983809464714593,0.09333835675432864,0.06922712578929754,0.11154761928676937,0.064281940206355,0.1280684535291382,1.0,0.9444444444444444,True,True,True,True,True,True,True
37,7Networks_LH_DorsAttn_Post_7,0.07940278160903189,0.025996421903578773,0.055343871915505986,0.10726548023004498,0.013424770699607002,0.03980543505038238,1.0,0.8888888888888888,True,True,True,True,True,True,True
38,7Networks_LH_DorsAttn_Post_8,0.10316530402956738,0.09432495907983846,0.08071652373894014,0.12706489510989438,0.06994303403448107,0.11933736052596941,1.0,0.9444444444444444,True,True,True,True,True,True,True
39,7Networks_LH_DorsAttn_Post_9,0.12190547792447938,0.007656920701265335,0.09712560572144059,0.14959275643341244,-0.02156792760749037,0.04005916269056292,1.0,0.3888888888888889,True,False,True,False,True,False,False
40,7Networks_LH_DorsAttn_Post_10,0.11161176860332489,0.024194130208343267,0.09377982664025492,0.13067808418224253,0.005327946148140149,0.044579983278850294,1.0,0.6666666666666666,True,True,True,False,True,False,False
41,7Networks_LH_DorsAttn_FEF_1,0.0681804624489612,0.05834226879394717,0.0541492040708868,0.08251736981845977,0.03363046062748051,0.08648926274488784,1.0,0.9444444444444444,True,True,True,True,True,True,True
42,7Networks_LH_DorsAttn_FEF_2,0.07727910283332069,0.02138191321864724,0.057532422642947896,0.09987506811869228,0.00441952414241516,0.03904906789798083,1.0,0.7222222222222222,True,True,True,False,True,False,False
43,7Networks_LH_DorsAttn_PrCv_1,0.045088870437919266,0.057586715194500156,0.03190583421900455,0.05816743043865749,0.0393171747512598,0.07888998104155892,1.0,1.0,True,True,True,True,True,True,True
44,7Networks_LH_SalVentAttn_ParOper_1,0.056531209809084736,0.0344514099156691,0.034065120955670464,0.08537538051734574,0.018370231794607308,0.05165873395874061,0.9444444444444444,0.8888888888888888,True,True,True,True,True,True,True
45,7Networks_LH_SalVentAttn_ParOper_2,0.06092529014373819,0.015347875370126631,0.040174776690805124,0.08490368405796792,-0.0019145432057686973,0.038154711599539336,1.0,0.6666666666666666,True,False,True,False,True,False,False
46,7Networks_LH_SalVentAttn_ParOper_3,0.050159986454269126,0.0244900520839211,0.030979630071669817,0.07050054293649737,0.004401270808496824,0.04471842700343889,0.8888888888888888,0.7777777777777778,True,True,True,True,True,True,True
47,7Networks_LH_SalVentAttn_FrOperIns_1,0.033476694124854274,0.015203750883099727,0.021188003595064703,0.048969054369889714,-0.0003847704335284002,0.03414357178690908,1.0,0.6666666666666666,True,False,True,False,True,False,False
48,7Networks_LH_SalVentAttn_FrOperIns_2,0.02652884432528582,0.032961440531329975,0.005113913989367171,0.05872544863442373,0.022433797707263795,0.0427478970041395,0.7222222222222222,0.8888888888888888,True,True,False,True,False,True,False
49,7Networks_LH_SalVentAttn_FrOperIns_3,0.04094430820421419,0.01396061710288955,0.017552685888141344,0.07610901268991356,0.004733758888647167,0.024232746980204764,0.8333333333333334,0.7777777777777778,True,True,True,True,True,True,True
50,7Networks_LH_SalVentAttn_FrOperIns_4,0.044887767690751285,0.02537011043427305,0.026373455515648757,0.07155834759792519,0.011602425261905107,0.040308648443573875,1.0,0.8888888888888888,True,True,True,True,True,True,True
51,7Networks_LH_SalVentAttn_PFCl_1,0.038352360379778676,0.023939230595715344,0.027185940282005404,0.049573909616770426,0.003818864791537635,0.049946291007411964,0.9444444444444444,0.7222222222222222,True,True,True,False,True,False,False
52,7Networks_LH_SalVentAttn_Med_1,0.03965662202487389,0.051419776346948415,0.031319519825693636,0.04841244440111849,0.030350450806630156,0.07857797314257671,0.9444444444444444,0.9444444444444444,True,True,True,True,True,True,True
53,7Networks_LH_SalVentAttn_Med_2,0.07430315959370798,0.021573159403892025,0.05792146437128799,0.09301747839587429,-0.008968707977328448,0.06230140572814788,1.0,0.5,True,False,True,False,True,False,False
54,7Networks_LH_SalVentAttn_Med_3,0.05929687241506246,0.049683046992868185,0.041750280247328596,0.08145718766997256,0.034947160661168805,0.06482934307617445,1.0,0.9444444444444444,True,True,True,True,True,True,True
55,7Networks_LH_Limbic_OFC_1,0.020696269943275385,0.023218420806289133,0.014405794486972606,0.027296329624692185,0.007711183968866761,0.046563878357442766,0.8888888888888888,0.7777777777777778,True,True,True,True,True,True,True
56,7Networks_LH_Limbic_OFC_2,0.013707723183971312,0.017990753083722666,0.007288399838014609,0.019466927227201974,0.00724917903094643,0.03157259314256305,0.8888888888888888,0.8333333333333334,True,True,True,True,True,True,True
57,7Networks_LH_Limbic_TempPole_1,0.016203909504434302,0.018796510037241712,0.00596052356769279,0.031316164845743004,0.012636014706610391,0.024860452935617002,0.8333333333333334,0.9444444444444444,True,True,True,True,True,True,True
58,7Networks_LH_Limbic_TempPole_2,0.014274305896833539,0.025507814354366727,0.007532979116432317,0.021532879189180672,0.020719722844660282,0.030559339739071822,0.8333333333333334,1.0,True,True,True,True,True,True,True
59,7Networks_LH_Limbic_TempPole_3,0.011384570337314572,0.018032293818477128,0.0022186589631019164,0.024138121538756725,0.011714629133671729,0.025827584387217124,0.7222222222222222,0.9444444444444444,True,True,False,True,False,True,False
60,7Networks_LH_Limbic_TempPole_4,0.008408498885627422,0.019136751264644165,-0.00032029039220004846,0.017119219363020317,0.004777846986285618,0.04143220693674973,0.6111111111111112,0.7222222222222222,False,True,False,False,False,False,False
61,7Networks_LH_Cont_Par_1,0.04878445794909365,0.03065956114894814,0.030854644619911494,0.06815872463695187,0.0013384182316561542,0.06063562503550202,0.8333333333333334,0.7222222222222222,True,True,True,False,True,False,False
62,7Networks_LH_Cont_Par_2,0.07058296130142278,0.06758251937571913,0.0477015330727833,0.09468965964495307,0.03656940956942789,0.10347370828935203,0.8888888888888888,0.8888888888888888,True,True,True,True,True,True,True
63,7Networks_LH_Cont_Par_3,0.06580022034338778,0.07509524305351079,0.042391487606801094,0.09080926727684628,0.042650984732770465,0.11445045191600607,0.9444444444444444,0.9444444444444444,True,True,True,True,True,True,True
64,7Networks_LH_Cont_Temp_1,0.042802550131455064,0.04064052370894286,0.03146655462915078,0.05418434645721896,0.02318339124839339,0.06030258958797074,1.0,0.8888888888888888,True,True,True,True,True,True,True
65,7Networks_LH_Cont_OFC_1,0.029651063804825146,0.01912385828068687,0.016290212377983455,0.045860839261311195,0.006014321395842773,0.03442130924732837,0.8888888888888888,0.7222222222222222,True,True,True,False,True,False,False
66,7Networks_LH_Cont_PFCl_1,0.022080299522106845,0.013051895567009019,0.011708136327797547,0.035212217266800704,0.006511104363663536,0.01988556829876163,0.8333333333333334,0.7777777777777778,True,True,True,True,True,True,True
67,7Networks_LH_Cont_PFCl_2,0.03400553294664456,0.026973090134561062,0.013217383348900411,0.058998461435031554,0.017682310977640253,0.036683377367444335,0.8333333333333334,0.8888888888888888,True,True,True,True,True,True,True
68,7Networks_LH_Cont_PFCl_3,0.03827037432024048,0.026741780327736504,0.021952607010542934,0.057523189649994796,0.014626458891951995,0.03877156559481388,0.9444444444444444,0.7777777777777778,True,True,True,True,True,True,True
69,7Networks_LH_Cont_PFCl_4,0.04596164613030851,0.0642946008592844,0.03123985014907602,0.06138630732247192,0.043059015263699825,0.08541891676787701,0.9444444444444444,0.8888888888888888,True,True,True,True,True,True,True
70,7Networks_LH_Cont_PFCl_5,0.05459080124273896,0.08270949301206404,0.04037312546020581,0.06993836348669397,0.05740959353538023,0.11291552804306977,1.0,1.0,True,True,True,True,True,True,True
71,7Networks_LH_Cont_pCun_1,0.1426285362492005,-0.028107300374863878,0.1079332887660712,0.18230361949341992,-0.05306441683917203,-0.0016891547575748293,1.0,0.7222222222222222,True,True,True,False,True,False,False
72,7Networks_LH_Cont_Cing_1,0.06899957586493757,0.012820857072559496,0.046230850229039784,0.10171169189787987,-0.0004912085359036506,0.026335560533011122,1.0,0.5555555555555556,True,False,True,False,True,False,False
73,7Networks_LH_Cont_Cing_2,0.03108267191176613,0.03194737515877932,0.0223282377817668,0.040501408440630056,0.020235879954028254,0.04582380813565881,1.0,0.9444444444444444,True,True,True,True,True,True,True
74,7Networks_LH_Default_Temp_1,0.014289419380171845,0.021365882152976055,0.001984397771593649,0.03061966906000937,0.01033751373098413,0.03421656478765524,0.6666666666666666,0.7777777777777778,True,True,False,True,False,True,False
75,7Networks_LH_Default_Temp_2,0.01854671039068813,0.03299634933743315,0.011769163174782686,0.025551079519532827,0.01866153577761401,0.05235455632056172,0.8888888888888888,0.8888888888888888,True,True,True,True,True,True,True
76,7Networks_LH_Default_Temp_3,0.030093131095377937,0.03358372916570968,0.019368832101786713,0.04227380094881583,0.011217441394304237,0.06217828773272531,1.0,0.8333333333333334,True,True,True,True,True,True,True
77,7Networks_LH_Default_Temp_4,0.042640329288486906,0.046800882076948054,0.027447619141013194,0.058094255660115675,0.023666390822553594,0.07684948341791621,0.8888888888888888,0.8888888888888888,True,True,True,True,True,True,True
78,7Networks_LH_Default_Temp_5,0.04481721299493478,0.05975192443778118,0.027916022800167816,0.06316208294722148,0.03885798350869057,0.08248366775935412,0.9444444444444444,0.8333333333333334,True,True,True,True,True,True,True
79,7Networks_LH_Default_Par_1,0.09079295854705076,0.035795674866272345,0.067501735827601,0.1165636824340456,0.011648848787364033,0.06143531889085554,1.0,0.7222222222222222,True,True,True,False,True,False,False
80,7Networks_LH_Default_Par_2,0.12177618510193294,0.006056070211343467,0.09530937644239101,0.15131067180902594,-0.014750465452218324,0.02694008333136379,1.0,0.5555555555555556,True,False,True,False,True,False,False
81,7Networks_LH_Default_Par_3,0.051815043138857514,0.01085033148734106,0.026412158506961228,0.082337668110914,-0.002978195128444996,0.02605991843415217,0.8333333333333334,0.7222222222222222,True,False,True,False,True,False,False
82,7Networks_LH_Default_Par_4,0.07170719490386546,0.0027458864755721558,0.05012160373929267,0.0953567911974258,-0.014652153036958125,0.021137168103531515,0.9444444444444444,0.3888888888888889,True,False,True,False,True,False,False
83,7Networks_LH_Default_PFC_1,0.019056492135860026,0.02814404875971377,0.009135225221204262,0.03027190405959522,0.013789180317609053,0.04753558160737156,0.8888888888888888,0.8333333333333334,True,True,True,True,True,True,True
84,7Networks_LH_Default_PFC_2,0.032051623520803534,0.007422151742503047,0.018218127182303256,0.04927993596227478,-0.009316528979818233,0.024339444737415755,0.8888888888888888,0.6666666666666666,True,False,True,False,True,False,False
85,7Networks_LH_Default_PFC_3,0.019560938591085788,0.022140941944801144,0.00813092530071218,0.033561914210602256,0.015157293362749949,0.02878414396351824,0.7777777777777778,0.8888888888888888,True,True,True,True,True,True,True
86,7Networks_LH_Default_PFC_4,0.02666933477545778,0.009505108050588105,0.016354861010849063,0.039571527595722314,0.003424170514659232,0.01589407602409159,0.9444444444444444,0.7777777777777778,True,True,True,True,True,True,True
87,7Networks_LH_Default_PFC_5,0.03411298105493188,0.02394864436549445,0.015734313785408936,0.05973066586043893,0.014861684980052005,0.03230696007764588,0.8888888888888888,0.8888888888888888,True,True,True,True,True,True,True
88,7Networks_LH_Default_PFC_6,0.027932764194297813,0.0020828808062813347,0.004866780457814457,0.06003981756156362,-0.010209954641080305,0.013749608421898703,0.6666666666666666,0.4444444444444444,True,False,False,False,False,False,False
89,7Networks_LH_Default_PFC_7,0.016522970606779888,0.018339091187549963,0.005346060266149127,0.02788622271101404,0.0022705315482906174,0.03689806017985877,0.6666666666666666,0.6666666666666666,True,True,False,False,False,False,False
90,7Networks_LH_Default_PFC_8,0.025790943841760356,0.0312663774109549,0.014149962468460823,0.03786386358616356,0.017890836484730242,0.047710334212105306,0.7777777777777778,0.8333333333333334,True,True,True,True,True,True,True
91,7Networks_LH_Default_PFC_9,0.027962644325776234,0.02235275341404809,0.013126678255826441,0.04436372216829719,0.006086757601911409,0.04092037014456258,0.7222222222222222,0.7222222222222222,True,True,False,False,False,False,False
92,7Networks_LH_Default_PFC_10,0.04089374798867437,0.05482029195667969,0.02587599797924567,0.05600941852446542,0.03459975306694913,0.07764347443201888,0.8333333333333334,0.8888888888888888,True,True,True,True,True,True,True
93,7Networks_LH_Default_PFC_11,0.053264145377195544,0.03939488687966433,0.0384996876366333,0.06956596101711814,0.024157963157631458,0.0563034383360193,1.0,0.9444444444444444,True,True,True,True,True,True,True
94,7Networks_LH_Default_PFC_12,0.06361787147923476,0.011815234320238233,0.046793595565638196,0.08122659358907386,-0.0040739520026060435,0.031592816285814874,1.0,0.5,True,False,True,False,True,False,False
95,7Networks_LH_Default_PFC_13,0.048845620179134935,0.03537754398874111,0.0271729130207354,0.07613370824902731,0.027747175105226538,0.04291416488768946,1.0,1.0,True,True,True,True,True,True,True
96,7Networks_LH_Default_pCunPCC_1,0.11912679299712181,-0.014680928809361326,0.09238387651534545,0.14864233032696778,-0.03988556455070567,0.01330642830839172,1.0,0.7222222222222222,True,False,True,False,True,False,False
97,7Networks_LH_Default_pCunPCC_2,0.09949168562889099,-0.015239825789144056,0.06522333142347633,0.1434415251637498,-0.03341101971810632,0.00454084531455817,1.0,0.7222222222222222,True,False,True,False,True,False,False
98,7Networks_LH_Default_pCunPCC_3,0.06457357149985102,0.021188817840690415,0.04694253256958392,0.08325623423895902,0.001393179081949509,0.0450263643132833,1.0,0.6666666666666666,True,True,True,False,True,False,False
99,7Networks_LH_Default_pCunPCC_4,0.09037267044186592,0.00448892524258958,0.06402237333564295,0.11938963554696075,-0.01972816575111614,0.03157373085268773,1.0,0.4444444444444444,True,False,True,False,True,False,False
100,7Networks_LH_Default_PHC_1,0.05684848274621698,0.041159294442170195,0.047851266049676475,0.0666465061975436,0.01932431470033609,0.06904731785180045,1.0,0.8888888888888888,True,True,True,True,True,True,True
101,7Networks_RH_Vis_1,0.032476660847249955,0.09431718786557515,0.025355596562278353,0.03995312179128329,0.07613247236650851,0.11522576318432887,1.0,1.0,True,True,True,True,True,True,True
102,7Networks_RH_Vis_2,0.06753594759437773,0.06079976193399893,0.05335189988836646,0.08187921598760618,0.03576163128923832,0.09402745684686427,1.0,0.9444444444444444,True,True,True,True,True,True,True
103,7Networks_RH_Vis_3,0.07595301895505852,0.12434075524409612,0.06423962575176524,0.08830635846178564,0.09681496039653818,0.15334346173331143,1.0,1.0,True,True,True,True,True,True,True
104,7Networks_RH_Vis_4,0.11293891755243142,-0.018844917623533144,0.08892016394270791,0.1376549914220555,-0.05648000587631637,0.026458583219856426,1.0,0.7222222222222222,True,False,True,False,True,False,False
105,7Networks_RH_Vis_5,0.028466563827047747,0.07271287238432302,0.016840167307398388,0.03971897011829747,0.03740331186757734,0.11381804454140362,0.8333333333333334,0.8888888888888888,True,True,True,True,True,True,True
106,7Networks_RH_Vis_6,0.04413518594163987,0.05208834069263604,0.02544453841271914,0.06153834860176882,0.025686327014894535,0.079106550613263,0.8333333333333334,0.8333333333333334,True,True,True,True,True,True,True
107,7Networks_RH_Vis_7,0.08270859604494439,0.006813282949022121,0.06593122623809096,0.10129444300610986,-0.019598246259071556,0.04165943578635858,1.0,0.3333333333333333,True,False,True,False,True,False,False
108,7Networks_RH_Vis_8,0.0039375277507739765,0.12706078868359327,-0.005558292106595925,0.013596995423075792,0.10457688379360157,0.14772283412102197,0.5555555555555556,1.0,False,True,False,True,False,True,False
109,7Networks_RH_Vis_9,0.146370444032881,-0.05645186769672566,0.11530026440612144,0.17878272858344846,-0.09983085904839552,-0.007294617548015847,1.0,0.8333333333333334,True,True,True,True,True,True,True
110,7Networks_RH_Vis_10,0.09764743989540471,0.011877272536771165,0.07691651505107681,0.12122632696603734,-0.01719335316447541,0.04639248988629938,1.0,0.4444444444444444,True,False,True,False,True,False,False
111,7Networks_RH_Vis_11,0.08900219139953454,0.12457231370111306,0.0712705162457294,0.10850614333111377,0.09225169927813112,0.15699150095072886,1.0,1.0,True,True,True,True,True,True,True
112,7Networks_RH_Vis_12,0.12024860787722799,-0.038856021076854735,0.0924168074865722,0.1500193312453727,-0.07295287475895343,-0.003592166960394631,1.0,0.7222222222222222,True,True,True,False,True,False,False
113,7Networks_RH_Vis_13,0.1502409362130695,-0.04429200658988622,0.11633040227202905,0.18769097787638497,-0.0712610738300201,-0.016134106911097977,1.0,0.7777777777777778,True,True,True,True,True,True,True
114,7Networks_RH_Vis_14,0.13033372329341042,-0.06633191369473934,0.09704269472923545,0.1678281608244611,-0.0981012470787391,-0.0335268264118996,1.0,0.8333333333333334,True,True,True,True,True,True,True
115,7Networks_RH_Vis_15,0.1285924849410852,0.043233363203600876,0.11283403026560943,0.143878275114629,0.021668380359834472,0.06607499221540312,1.0,0.8333333333333334,True,True,True,True,True,True,True
116,7Networks_RH_SomMot_1,0.050001191389229566,0.021935586584731936,0.034098231994236505,0.06988170526456086,0.006158651639836738,0.03787529001969637,1.0,0.6666666666666666,True,True,True,False,True,False,False
117,7Networks_RH_SomMot_2,0.05984453013580707,0.03523154204918279,0.04165989570837054,0.07978991511433074,0.016978314239531757,0.054656779887672084,1.0,0.8888888888888888,True,True,True,True,True,True,True
118,7Networks_RH_SomMot_3,0.04929992898056904,0.01397764095519152,0.026370009322029847,0.08273223115959101,0.0018741414798164949,0.026456182038721937,1.0,0.7222222222222222,True,True,True,False,True,False,False
119,7Networks_RH_SomMot_4,0.06083121813005871,0.01916836359952059,0.03864176631646438,0.09132664132501102,0.004781997794958039,0.03390181958610709,1.0,0.7222222222222222,True,True,True,False,True,False,False
120,7Networks_RH_SomMot_5,0.05969870866586765,0.007586465268913243,0.04002061027050432,0.08312095245605126,-0.009732858734464066,0.02617298251457719,1.0,0.5555555555555556,True,False,True,False,True,False,False
121,7Networks_RH_SomMot_6,0.06007274447215928,0.01034782909684711,0.04000812460823606,0.08541983964646027,-0.007302295076402111,0.03157497785286977,1.0,0.6111111111111112,True,False,True,False,True,False,False
122,7Networks_RH_SomMot_7,0.05334915862315231,0.03312942282193237,0.041215511491625674,0.06545041569819053,0.01532960842208316,0.05247460223811989,1.0,0.8333333333333334,True,True,True,True,True,True,True
123,7Networks_RH_SomMot_8,0.053633018758975796,0.02976319099414266,0.038136211707670654,0.07052013254465742,0.0002835643031479172,0.06885650219175861,1.0,0.6666666666666666,True,True,True,False,True,False,False
124,7Networks_RH_SomMot_9,0.06270981104009682,0.04740861407481134,0.048375822660616706,0.07883717596220473,0.023712427857875203,0.07544871480915591,1.0,0.8333333333333334,True,True,True,True,True,True,True
125,7Networks_RH_SomMot_10,0.06323538989656502,0.04516517583073841,0.05249305843996505,0.07390128270878145,0.019827183308855943,0.07629122151605162,1.0,0.8333333333333334,True,True,True,True,True,True,True
126,7Networks_RH_SomMot_11,0.05829724007182651,0.03844933804228074,0.044670815874512,0.07282026541522807,0.014020562569688385,0.0674566517176572,1.0,0.7222222222222222,True,True,True,False,True,False,False
127,7Networks_RH_SomMot_12,0.07963557458586162,0.04476845830989381,0.0647970314655039,0.09513854217819041,0.018853751606851196,0.07445660354052153,1.0,0.7777777777777778,True,True,True,True,True,True,True
128,7Networks_RH_SomMot_13,0.10638914008935292,0.043024007567308016,0.08929952951148153,0.12319135587765938,0.020157520969708763,0.06888467760679,1.0,0.8333333333333334,True,True,True,True,True,True,True
129,7Networks_RH_SomMot_14,0.08105000522401598,0.03998906077403161,0.06262911305141945,0.1007107675799893,0.019960354130145987,0.060769895484231194,1.0,0.8333333333333334,True,True,True,True,True,True,True
130,7Networks_RH_SomMot_15,0.09898314190407594,0.037753456013484135,0.07848947282052703,0.12013630492923158,0.015494767297059299,0.06120453730432523,1.0,0.7777777777777778,True,True,True,True,True,True,True
131,7Networks_RH_SomMot_16,0.06239706764204635,0.025472421613004472,0.04695041389980664,0.08158954256990304,0.012372795764046412,0.03924632038688287,1.0,0.8333333333333334,True,True,True,True,True,True,True
132,7Networks_RH_SomMot_17,0.07878712274962002,0.021393335501973827,0.0631255848126279,0.0939366755127493,0.0025988842768128965,0.04092680170304245,1.0,0.7222222222222222,True,True,True,False,True,False,False
133,7Networks_RH_SomMot_18,0.06988177251898581,0.037664642344073705,0.051721322008719046,0.08959845710131857,0.02091559945531319,0.05496777734046594,1.0,0.8888888888888888,True,True,True,True,True,True,True
134,7Networks_RH_SomMot_19,0.08114877343177795,0.03613969594395409,0.06212662412371072,0.10120790608020291,0.017761908222908258,0.055543490166504235,1.0,0.7777777777777778,True,True,True,True,True,True,True
135,7Networks_RH_DorsAttn_Post_1,0.05170801095664501,0.0991799874852101,0.03983649811707437,0.06314378880067831,0.07458459075229863,0.12834816444665192,1.0,1.0,True,True,True,True,True,True,True
136,7Networks_RH_DorsAttn_Post_2,0.09193249729772408,0.07330557959438819,0.07656298236817949,0.10764692121495803,0.04911481830527514,0.09883762833875759,1.0,0.9444444444444444,True,True,True,True,True,True,True
137,7Networks_RH_DorsAttn_Post_3,0.060779869452946715,0.03035903252182632,0.04706890389012793,0.074981898172862,0.007350210769800469,0.056561844116852916,1.0,0.7222222222222222,True,True,True,False,True,False,False
138,7Networks_RH_DorsAttn_Post_4,0.0675363266426656,0.06416376850878198,0.048602093212927376,0.08792263846844434,0.03276674840728649,0.0990186488087703,0.9444444444444444,0.7222222222222222,True,True,True,False,True,False,False
139,7Networks_RH_DorsAttn_Post_5,0.076283593248162,0.06349396493492855,0.060599908871679674,0.09373332827300246,0.03509117900652604,0.0992334523445202,1.0,0.8888888888888888,True,True,True,True,True,True,True
140,7Networks_RH_DorsAttn_Post_6,0.11311432015564707,0.02718353241087041,0.08715074320013325,0.1425595678647773,0.004070204581431527,0.05225710627580863,1.0,0.7222222222222222,True,True,True,False,True,False,False
141,7Networks_RH_DorsAttn_Post_7,0.08730820938944817,0.12551146186888218,0.06584774169605226,0.10849637827163354,0.08824982849570613,0.16532130602540243,1.0,1.0,True,True,True,True,True,True,True
142,7Networks_RH_DorsAttn_Post_8,0.126791356338395,0.0833225679428627,0.10398847980217801,0.14908540681418445,0.059448148193122406,0.10770834534519559,1.0,0.9444444444444444,True,True,True,True,True,True,True
143,7Networks_RH_DorsAttn_Post_9,0.12519181643923125,0.010576740579886569,0.10496360645112064,0.14691467773583197,-0.01634581624918307,0.04132796585456362,1.0,0.4444444444444444,True,False,True,False,True,False,False
144,7Networks_RH_DorsAttn_Post_10,0.1075932706395785,0.01816512242011312,0.09020967927968337,0.12501119820194112,0.0013220805044208347,0.03654233001709346,1.0,0.6666666666666666,True,True,True,False,True,False,False
145,7Networks_RH_DorsAttn_FEF_1,0.07406785763386223,0.04991936921659443,0.060051192053490215,0.08770465006430944,0.028534561435097,0.07555415615400608,1.0,0.9444444444444444,True,True,True,True,True,True,True
146,7Networks_RH_DorsAttn_FEF_2,0.08400736249879831,0.03928371694766813,0.06450168455097204,0.10473496183339093,0.02285857600832565,0.0560841688963895,1.0,0.8333333333333334,True,True,True,True,True,True,True
147,7Networks_RH_DorsAttn_PrCv_1,0.04356820764951408,0.0451606078293278,0.028193196471935758,0.06226433467624398,0.03164491171693145,0.05883132100781142,0.9444444444444444,1.0,True,True,True,True,True,True,True
148,7Networks_RH_SalVentAttn_TempOccPar_1,0.06764161487808451,0.051438350586168885,0.04858721761767002,0.08835232602028151,0.02561378204150565,0.07787673414746274,1.0,0.7777777777777778,True,True,True,True,True,True,True
149,7Networks_RH_SalVentAttn_TempOccPar_2,0.0611738338549104,0.041156658637596086,0.04000685413419786,0.08648898365208878,0.01991798511395852,0.06365249299382816,1.0,0.7222222222222222,True,True,True,False,True,False,False
150,7Networks_RH_SalVentAttn_TempOccPar_3,0.06357553166647752,0.028888142253789637,0.0452366589051154,0.08592664328041588,0.010612777872787168,0.049578580129632926,1.0,0.8333333333333334,True,True,True,True,True,True,True
151,7Networks_RH_SalVentAttn_PrC_1,0.05225840086738268,0.060600151773542166,0.038866797644489755,0.0661960213768503,0.038839379995543925,0.08775534472790443,1.0,1.0,True,True,True,True,True,True,True
152,7Networks_RH_SalVentAttn_FrOperIns_1,0.01917865497267081,0.023787660770014755,0.011383319488312635,0.027123114008120158,0.00637626655807253,0.048514175304444504,0.8888888888888888,0.7777777777777778,True,True,True,True,True,True,True
153,7Networks_RH_SalVentAttn_FrOperIns_2,0.03561459492064185,0.019204131508659985,0.0246150436946967,0.048121677393404144,0.0019838193004640442,0.04027209988303688,1.0,0.7222222222222222,True,True,True,False,True,False,False
154,7Networks_RH_SalVentAttn_FrOperIns_3,0.025014865923569433,0.04058781286908521,0.0036806710530072452,0.055445088056472316,0.02558393912105304,0.05623428288252196,0.7777777777777778,0.8333333333333334,True,True,True,True,True,True,True
155,7Networks_RH_SalVentAttn_FrOperIns_4,0.0429738181281007,0.016975279108414218,0.024846536071143215,0.06814738186852384,0.004612512489741979,0.03114964086303694,1.0,0.7222222222222222,True,True,True,False,True,False,False
156,7Networks_RH_SalVentAttn_Med_1,0.042610956019618444,0.04316834014995644,0.033095713293490314,0.053087588306516414,0.02272857058043074,0.06918515957626771,1.0,0.8888888888888888,True,True,True,True,True,True,True
157,7Networks_RH_SalVentAttn_Med_2,0.08128693151391214,0.01785399081806342,0.064730206452724,0.09969204948283732,-0.012766482097665881,0.05892203811866541,1.0,0.4444444444444444,True,False,True,False,True,False,False
158,7Networks_RH_SalVentAttn_Med_3,0.057556819565232016,0.046024498245161444,0.03914469743483804,0.08064502338464888,0.03107876485187767,0.0610912762019628,1.0,0.8888888888888888,True,True,True,True,True,True,True
159,7Networks_RH_Limbic_OFC_1,0.012265973401048945,0.01789166349529599,0.005340098497173231,0.019298032652457345,0.007697132261495831,0.031891005410579966,0.8333333333333334,0.8333333333333334,True,True,True,True,True,True,True
160,7Networks_RH_Limbic_OFC_2,0.017204977487886533,0.029648202781875927,0.011108312817911307,0.023467697121021855,0.012494065391365439,0.05474490660579045,0.8333333333333334,0.8333333333333334,True,True,True,True,True,True,True
161,7Networks_RH_Limbic_OFC_3,0.018286050556020603,0.011864119215816673,0.010116967517792041,0.027713775016147538,0.007041781579674636,0.016807176322294656,0.9444444444444444,0.8333333333333334,True,True,True,True,True,True,True
162,7Networks_RH_Limbic_TempPole_1,0.011338394587962992,0.02009147176674257,0.0026495342336905502,0.023067660856112414,0.01583712035208009,0.024041925484521522,0.8888888888888888,1.0,True,True,True,True,True,True,True
163,7Networks_RH_Limbic_TempPole_2,0.011936193487296501,0.019585550646297634,0.004773771919361833,0.01954981439953877,0.013050268367967672,0.02661771226396215,0.7222222222222222,0.9444444444444444,True,True,False,True,False,True,False
164,7Networks_RH_Limbic_TempPole_3,0.020615932053058512,0.023566485835342772,0.01007613839659219,0.03561786629757585,0.01618231362760222,0.031176785247387467,0.8888888888888888,1.0,True,True,True,True,True,True,True
165,7Networks_RH_Cont_Par_1,0.05885941035942071,0.024724777160574578,0.04460994762614266,0.0730375444510072,0.0032344556028773594,0.04682064077739293,1.0,0.6666666666666666,True,True,True,False,True,False,False
166,7Networks_RH_Cont_Par_2,0.056613113524185285,0.052363410488598876,0.03582069465580086,0.07950075923516932,0.021354353934293614,0.08544125204336724,1.0,0.7777777777777778,True,True,True,True,True,True,True
167,7Networks_RH_Cont_Par_3,0.08093864884641436,0.0912543619568977,0.05330713375264572,0.10696092251067359,0.05894290373867585,0.1263871796002301,0.8888888888888888,0.8888888888888888,True,True,True,True,True,True,True
168,7Networks_RH_Cont_Temp_1,0.04625325849176281,0.05181817322348555,0.03430608068916222,0.057828137656259854,0.031051695596478468,0.07509004266466945,0.9444444444444444,1.0,True,True,True,True,True,True,True
169,7Networks_RH_Cont_PFCv_1,0.024553509170396462,0.035824257906319365,0.011859630012703647,0.040147782540750784,0.020270520530822168,0.05466093493612586,0.8333333333333334,0.9444444444444444,True,True,True,True,True,True,True
170,7Networks_RH_Cont_PFCl_1,0.02073993122515579,0.02800644773782955,0.011422914897169296,0.030744018858402136,0.017960474930845925,0.038699259210261516,0.8888888888888888,0.9444444444444444,True,True,True,True,True,True,True
171,7Networks_RH_Cont_PFCl_2,0.025908990064635873,0.02825646240833319,0.007534925743756402,0.047692534566805174,0.019834067243047888,0.03672981534554209,0.7222222222222222,0.9444444444444444,True,True,False,True,False,True,False
172,7Networks_RH_Cont_PFCl_3,0.028336481113607686,0.027959066384937614,0.012167246369386299,0.047210037047302124,0.01715313290527168,0.03845438116566382,0.7777777777777778,0.8888888888888888,True,True,True,True,True,True,True
173,7Networks_RH_Cont_PFCl_4,0.04218365753897362,0.0748148952714271,0.027760042753329293,0.0560663999342877,0.055956763670676285,0.09392666910619785,0.8333333333333334,1.0,True,True,True,True,True,True,True
174,7Networks_RH_Cont_PFCl_5,0.029440533292169373,0.032064100830919214,0.017670924014722308,0.04044283984241903,0.016186532836096983,0.051982686439684275,0.8888888888888888,0.8333333333333334,True,True,True,True,True,True,True
175,7Networks_RH_Cont_PFCl_6,0.03107427537906915,0.03422582095178465,0.019562044149885573,0.043632955454005334,0.013213678762420184,0.05931017492289861,0.9444444444444444,0.7777777777777778,True,True,True,True,True,True,True
176,7Networks_RH_Cont_PFCl_7,0.05518121399735618,0.0650964297561182,0.03994818504579598,0.07008710050334534,0.04519356707783623,0.085101395772977,1.0,0.9444444444444444,True,True,True,True,True,True,True
177,7Networks_RH_Cont_pCun_1,0.14319132433997261,-0.021698789929764137,0.10857908188675841,0.18397519900980921,-0.04163013630055098,0.00017277864842779012,1.0,0.6666666666666666,True,False,True,False,True,False,False
178,7Networks_RH_Cont_Cing_1,0.0617055540982013,0.023917612477412656,0.04117545975216975,0.08763979938812552,0.008800775792850699,0.03981759353385617,1.0,0.6666666666666666,True,True,True,False,True,False,False
179,7Networks_RH_Cont_Cing_2,0.02868986688554287,0.03196942411725306,0.01922918890680497,0.03914187306072563,0.01718305292468156,0.049808541436990095,1.0,0.8888888888888888,True,True,True,True,True,True,True
180,7Networks_RH_Cont_PFCmp_1,0.025809958499545853,0.042069545002757676,0.01493757713146301,0.03567830183310434,0.026502455419136418,0.062349004752144936,0.7777777777777778,0.8888888888888888,True,True,True,True,True,True,True
181,7Networks_RH_Cont_PFCmp_2,0.04507401316530175,0.04690735937199659,0.02545751320495684,0.06665063408177553,0.03412545006592861,0.06020453802646242,0.8888888888888888,1.0,True,True,True,True,True,True,True
182,7Networks_RH_Default_Par_1,0.12308741774823931,0.006870507767113547,0.09969312120229006,0.14813602349410454,-0.013125387431743244,0.0308422906650877,1.0,0.4444444444444444,True,False,True,False,True,False,False
183,7Networks_RH_Default_Par_2,0.06571576110501257,0.02399513594961415,0.04495211899306418,0.08985101432772352,0.0055256164532491115,0.04356678363239753,1.0,0.8333333333333334,True,True,True,True,True,True,True
184,7Networks_RH_Default_Par_3,0.06178959753985206,0.03281402935843087,0.03720566850388422,0.08759453987521636,0.013371439214420713,0.05272151446519678,0.8888888888888888,0.7222222222222222,True,True,True,False,True,False,False
185,7Networks_RH_Default_Temp_1,0.01087029628171068,0.022860949276946485,0.0019486574312193425,0.021416047342386765,0.010647705486108962,0.04000330412333521,0.7222222222222222,0.8888888888888888,True,True,False,True,False,True,False
186,7Networks_RH_Default_Temp_2,0.022796135240544874,0.03503941008562429,0.014758339353526632,0.030671280740191122,0.018381498478831623,0.05727537176959837,0.9444444444444444,0.9444444444444444,True,True,True,True,True,True,True
187,7Networks_RH_Default_Temp_3,0.03519331431016326,0.044044791287483856,0.025335785844880675,0.04511706231666418,0.02099816017628958,0.07350733726230424,0.9444444444444444,0.8888888888888888,True,True,True,True,True,True,True
188,7Networks_RH_Default_Temp_4,0.04112513870414761,0.06381659326143563,0.027356118645467276,0.05508045859427914,0.0392176492113827,0.09377419165296791,0.9444444444444444,0.8888888888888888,True,True,True,True,True,True,True
189,7Networks_RH_Default_Temp_5,0.04254037752333614,0.05550970966255085,0.025349020013689168,0.06119330412604742,0.034628586104372513,0.08144472816816739,0.9444444444444444,1.0,True,True,True,True,True,True,True
190,7Networks_RH_Default_PFCv_1,0.026621548665894404,0.033539966576629214,0.012831096759247077,0.045176480758366055,0.026912621636357572,0.04047456256424387,0.8333333333333334,1.0,True,True,True,True,True,True,True
191,7Networks_RH_Default_PFCdPFCm_1,0.026493834538592234,0.013898664632708661,0.01737129797434641,0.037181918923225664,0.0015255592009958093,0.02784052274784901,0.9444444444444444,0.7777777777777778,True,True,True,True,True,True,True
192,7Networks_RH_Default_PFCdPFCm_2,0.027073730637008946,-0.001307888946030289,0.005975154564819402,0.056436565998915784,-0.012367217359133065,0.008606989906305287,0.7777777777777778,0.2222222222222222,True,False,True,False,True,False,False
193,7Networks_RH_Default_PFCdPFCm_3,0.020744019545317214,0.008373533556651738,0.0016432857615048613,0.04756998750833897,0.0003131708945147696,0.015985005506728257,0.7777777777777778,0.6666666666666666,True,True,True,False,True,False,False
194,7Networks_RH_Default_PFCdPFCm_4,0.0163031996279541,0.01905246866064974,0.0035369563983598104,0.02981189814680773,0.006614719133358449,0.033263529603169036,0.7222222222222222,0.8333333333333334,True,True,False,True,False,True,False
195,7Networks_RH_Default_PFCdPFCm_5,0.028792652699242655,0.02023585489951074,0.012985901443607872,0.04505919781683285,0.004564434611691265,0.03787454615457035,0.7777777777777778,0.7222222222222222,True,True,True,False,True,False,False
196,7Networks_RH_Default_PFCdPFCm_6,0.05122687742631468,0.024373321561142802,0.0364071813809763,0.06567216779060094,0.004263571768792139,0.04970306821115729,0.8888888888888888,0.7777777777777778,True,True,True,True,True,True,True
197,7Networks_RH_Default_PFCdPFCm_7,0.06132517977514201,0.0197552434530937,0.042673135334108436,0.08009006890028507,0.005810444093205863,0.0354863797126907,1.0,0.6666666666666666,True,True,True,False,True,False,False
198,7Networks_RH_Default_pCunPCC_1,0.12935359900196394,-0.015717419071329966,0.10233946085597077,0.1583747915820115,-0.040189746860414745,0.010739406306917462,1.0,0.6666666666666666,True,False,True,False,True,False,False
199,7Networks_RH_Default_pCunPCC_2,0.09277119901445177,0.004692999025185903,0.06402479969999857,0.12876098144075107,-0.013036887109693553,0.02299500459598169,1.0,0.4444444444444444,True,False,True,False,True,False,False
200,7Networks_RH_Default_pCunPCC_3,0.09955293561021487,0.019938717285792034,0.07378048296603892,0.12821087366901338,-0.00485493460825334,0.04903048428629214,1.0,0.6111111111111112,True,False,True,False,True,False,False
