ROI_ID,ROI_Name,pIPS_Connectivity,LO_Connectivity,Difference,Abs_Difference,CI_Lower,CI_Upper,LOO_Reliability,Bootstrap_Significant,LOO_Significant,Combined_Significant,Direction
1,7Networks_LH_Vis_1,0.013834406695201477,0.01730820372961398,-0.003473797034412505,0.003473797034412505,-0.006807263058186992,-0.00025537199494901245,0.5555555555555556,True,False,False,LO > pIPS
2,7Networks_LH_Vis_2,0.004742807565675345,0.005418656727297616,-0.0006758491616222712,0.0006758491616222712,-0.004200301934801124,0.0026527261760319757,0.3888888888888889,False,False,False,LO > pIPS
3,7Networks_LH_Vis_3,0.008445292672196682,0.01618545132457406,-0.0077401586523773765,0.0077401586523773765,-0.012887635145365894,-0.0033434920987637545,0.7222222222222222,True,False,False,LO > pIPS
4,7Networks_LH_Vis_4,-0.00517167536287871,-0.00988475862312109,0.00471308326024238,0.00471308326024238,0.0010232935475759713,0.008758610484402223,0.6111111111111112,True,False,False,pIPS > LO
5,7Networks_LH_Vis_5,0.006165026443867111,0.011864290774109014,-0.005699264330241903,0.005699264330241903,-0.01078541829130049,-0.001165429730299591,0.6666666666666666,True,False,False,LO > pIPS
6,7Networks_LH_Vis_6,0.0005535864627375965,-0.0023389677586286026,0.002892554221366199,0.002892554221366199,-0.00010679436454933948,0.005627241721395068,0.6666666666666666,False,False,False,pIPS > LO
7,7Networks_LH_Vis_7,-0.007279491985863065,-0.014899795136051976,0.007620303150188911,0.007620303150188911,0.0028381570153623334,0.012904117226097637,0.7777777777777778,True,True,True,pIPS > LO
8,7Networks_LH_Vis_8,0.007319368926077954,0.015276334828505076,-0.007956965902427122,0.007956965902427122,-0.01378623542529001,-0.0027985438473288353,0.7777777777777778,True,True,True,LO > pIPS
9,7Networks_LH_Vis_9,0.004357298810414938,0.004176240797001637,0.00018105801341330129,0.00018105801341330129,-0.004832061379147331,0.005178268317728315,0.16666666666666666,False,False,False,pIPS > LO
10,7Networks_LH_Vis_10,-0.007319127797225936,-0.010206877541008099,0.002887749743782163,0.002887749743782163,-0.00329461289681887,0.007748438782841767,0.7222222222222222,False,False,False,pIPS > LO
11,7Networks_LH_Vis_11,0.011652005369175567,0.019079343375737575,-0.007427338006562008,0.007427338006562008,-0.012034430877623346,-0.0031563771704855204,0.7777777777777778,True,True,True,LO > pIPS
12,7Networks_LH_Vis_12,-0.004078127255927003,-0.004670556471687763,0.0005924292157607602,0.0005924292157607602,-0.006293150394027576,0.005411210965393469,0.6111111111111112,False,False,False,pIPS > LO
13,7Networks_LH_Vis_13,-0.014768073221107495,-0.02022378035201515,0.005455707130907655,0.005455707130907655,-0.001361356279046142,0.011229314383229454,0.7222222222222222,False,False,False,pIPS > LO
14,7Networks_LH_Vis_14,-0.013426636833535328,-0.01732151363983002,0.003894876806294691,0.003894876806294691,-0.0021319131940781277,0.009073000299779293,0.6111111111111112,False,False,False,pIPS > LO
15,7Networks_LH_SomMot_1,-0.0014877580771564764,-0.00040943131755059024,-0.0010783267596058861,0.0010783267596058861,-0.00697533690834999,0.0024934216093350065,0.3888888888888889,False,False,False,LO > pIPS
16,7Networks_LH_SomMot_2,0.00039225488845440274,0.0032846785789369453,-0.0028924236904825425,0.0028924236904825425,-0.009231508251487806,0.0012228602864352072,0.3333333333333333,False,False,False,LO > pIPS
17,7Networks_LH_SomMot_3,-0.0007144766383190113,0.002561416182965225,-0.0032758928212842362,0.0032758928212842362,-0.009885988192673348,0.0011045324984460673,0.5,False,False,False,LO > pIPS
18,7Networks_LH_SomMot_4,-0.0012145143887877363,0.0020791906921090544,-0.0032937050808967906,0.0032937050808967906,-0.010043775896370276,0.0015018414293121042,0.4444444444444444,False,False,False,LO > pIPS
19,7Networks_LH_SomMot_5,0.0004593424287175338,0.0034320271602100113,-0.0029726847314924774,0.0029726847314924774,-0.009118408701201591,0.0014971912217978153,0.5,False,False,False,LO > pIPS
20,7Networks_LH_SomMot_6,0.005672232901394324,0.00879717583333842,-0.003124942931944096,0.003124942931944096,-0.0065131063628054015,-5.780409235711333e-05,0.6666666666666666,True,False,False,LO > pIPS
21,7Networks_LH_SomMot_7,0.005735648406837847,0.008007098635276407,-0.00227145022843856,0.00227145022843856,-0.0047047265837243495,-0.000175929439981713,0.5555555555555556,True,False,False,LO > pIPS
22,7Networks_LH_SomMot_8,0.005071660559146978,0.006237477774097704,-0.001165817214950726,0.001165817214950726,-0.00404221623541844,0.0014136390698293682,0.5,False,False,False,LO > pIPS
23,7Networks_LH_SomMot_9,0.007576593881592417,0.013383404964279616,-0.005806811082687199,0.005806811082687199,-0.009659804202343445,-0.0024531958841843547,0.7222222222222222,True,False,False,LO > pIPS
24,7Networks_LH_SomMot_10,0.004123382872376745,0.009212312229113067,-0.005088929356736323,0.005088929356736323,-0.010469530882752981,-0.0007791688515185913,0.6111111111111112,True,False,False,LO > pIPS
25,7Networks_LH_SomMot_11,0.006768015180565818,0.012037910322528003,-0.005269895141962185,0.005269895141962185,-0.010996661145387233,-0.0006086140882779886,0.6111111111111112,True,False,False,LO > pIPS
26,7Networks_LH_SomMot_12,0.003304719483196968,0.00887023697027848,-0.005565517487081511,0.005565517487081511,-0.012087581541879333,-0.00036035473870196566,0.6111111111111112,True,False,False,LO > pIPS
27,7Networks_LH_SomMot_13,0.0018564971978985826,0.005864696580123644,-0.004008199382225062,0.004008199382225062,-0.009981506901095255,0.0008266771782177703,0.6111111111111112,False,False,False,LO > pIPS
28,7Networks_LH_SomMot_14,0.0008647029786969523,0.004759520956880138,-0.003894817978183186,0.003894817978183186,-0.010076011984395622,0.00039123206744655435,0.6111111111111112,False,False,False,LO > pIPS
29,7Networks_LH_SomMot_15,0.0026208516807402784,0.006022036209160967,-0.0034011845284206885,0.0034011845284206885,-0.008120050696270089,0.00026329036898232094,0.6111111111111112,False,False,False,LO > pIPS
30,7Networks_LH_SomMot_16,0.0034072979230285777,0.00849055869915222,-0.005083260776123642,0.005083260776123642,-0.01084383990777606,-0.0002200242058336039,0.6666666666666666,True,False,False,LO > pIPS
31,7Networks_LH_DorsAttn_Post_1,0.01521160435280945,0.02464654509456376,-0.009434940741754308,0.009434940741754308,-0.01371499391320985,-0.005368055101219123,0.7777777777777778,True,True,True,LO > pIPS
32,7Networks_LH_DorsAttn_Post_2,0.006899766118990225,0.012092504067995048,-0.005192737949004823,0.005192737949004823,-0.009159210735187407,-0.0012734296147193516,0.6666666666666666,True,False,False,LO > pIPS
33,7Networks_LH_DorsAttn_Post_3,0.015056544027228717,0.023116337603359065,-0.008059793576130347,0.008059793576130347,-0.012735193223829632,-0.0035147580372965133,0.8333333333333334,True,True,True,LO > pIPS
34,7Networks_LH_DorsAttn_Post_4,0.008009394881403203,0.011715753970410263,-0.0037063590890070598,0.0037063590890070598,-0.006903145764442242,-0.000982346685143308,0.5555555555555556,True,False,False,LO > pIPS
35,7Networks_LH_DorsAttn_Post_5,0.010493821508349922,0.015799295532912802,-0.0053054740245628805,0.0053054740245628805,-0.009006034241686436,-0.00199404887213825,0.7222222222222222,True,False,False,LO > pIPS
36,7Networks_LH_DorsAttn_Post_6,0.007681601911044198,0.013302158310768229,-0.00562055639972403,0.00562055639972403,-0.010867646838381454,-0.0011251315477113625,0.6666666666666666,True,False,False,LO > pIPS
37,7Networks_LH_DorsAttn_Post_7,0.0038486352439899016,0.0072721989327431125,-0.003423563688753211,0.003423563688753211,-0.007221922828349564,-0.0003523927448842837,0.7222222222222222,True,False,False,LO > pIPS
38,7Networks_LH_DorsAttn_Post_8,0.010783919607439296,0.016435389590400598,-0.005651469982961302,0.005651469982961302,-0.010596985936451897,-0.0012030058536582828,0.5555555555555556,True,False,False,LO > pIPS
39,7Networks_LH_DorsAttn_Post_9,0.00042534889960402927,-0.0009866252458591534,0.0014119741454631826,0.0014119741454631826,-0.002437930813665647,0.005482363509141629,0.5,False,False,False,pIPS > LO
40,7Networks_LH_DorsAttn_Post_10,0.0028184858466088225,0.0059066236619470655,-0.003088137815338243,0.003088137815338243,-0.007421495371800718,0.0009652430774736714,0.5,False,False,False,LO > pIPS
41,7Networks_LH_DorsAttn_FEF_1,0.0020559255926751842,0.0058516725346599505,-0.0037957469419847662,0.0037957469419847662,-0.009927474713292458,0.0003262845075290276,0.6666666666666666,False,False,False,LO > pIPS
42,7Networks_LH_DorsAttn_FEF_2,0.0004962519409795024,0.002598448632925227,-0.002102196691945725,0.002102196691945725,-0.007806436034637314,0.0019434053395854954,0.4444444444444444,False,False,False,LO > pIPS
43,7Networks_LH_DorsAttn_PrCv_1,0.006127695570270739,0.011345198797148374,-0.005217503226877635,0.005217503226877635,-0.008036238183112922,-0.0026491874757062182,0.7777777777777778,True,True,True,LO > pIPS
44,7Networks_LH_SalVentAttn_ParOper_1,0.00027628465488534546,0.002189205468693858,-0.0019129208138085126,0.0019129208138085126,-0.007333664428587355,0.0022017769549679492,0.5555555555555556,False,False,False,LO > pIPS
45,7Networks_LH_SalVentAttn_ParOper_2,0.002940634747880894,0.0058487199023779125,-0.0029080851544970184,0.0029080851544970184,-0.006626964062512898,6.506018282567684e-05,0.5555555555555556,False,False,False,LO > pIPS
46,7Networks_LH_SalVentAttn_ParOper_3,-6.39057106146567e-05,0.00019121266642312484,-0.00025511837703778156,0.00025511837703778156,-0.004485894931926142,0.003705651200042746,0.1111111111111111,False,False,False,LO > pIPS
47,7Networks_LH_SalVentAttn_FrOperIns_1,-0.0013768713262830338,0.00016301028990885213,-0.001539881616191886,0.001539881616191886,-0.007539930830560727,0.0020192137375168073,0.2777777777777778,False,False,False,LO > pIPS
48,7Networks_LH_SalVentAttn_FrOperIns_2,0.00083628436657947,0.0035565549525204796,-0.0027202705859410096,0.0027202705859410096,-0.008737258413972366,0.0010017704332759203,0.5555555555555556,False,False,False,LO > pIPS
49,7Networks_LH_SalVentAttn_FrOperIns_3,-0.0001488443768815609,0.0032202241957634044,-0.0033690685726449655,0.0033690685726449655,-0.010334397134030346,0.0012611902415390148,0.6111111111111112,False,False,False,LO > pIPS
50,7Networks_LH_SalVentAttn_FrOperIns_4,-0.0016600125608781918,0.0016800559747671684,-0.0033400685356453604,0.0033400685356453604,-0.009528989321165611,0.0008471903829210869,0.6111111111111112,False,False,False,LO > pIPS
51,7Networks_LH_SalVentAttn_PFCl_1,0.004720504257510086,0.004768145240391794,-4.764098288170815e-05,4.764098288170815e-05,-0.001333703713313636,0.0012296015954294157,0.1111111111111111,False,False,False,LO > pIPS
52,7Networks_LH_SalVentAttn_Med_1,0.0044146377175767575,0.004552760711650759,-0.00013812299407400114,0.00013812299407400114,-0.002396142808700404,0.0018693776891722078,0.1111111111111111,False,False,False,LO > pIPS
53,7Networks_LH_SalVentAttn_Med_2,0.002274057411290418,-0.00029775387359027883,0.0025718112848806965,0.0025718112848806965,-0.0002609704961225354,0.005258543172120776,0.6666666666666666,False,False,False,pIPS > LO
54,7Networks_LH_SalVentAttn_Med_3,0.0017169649629432588,0.005664584788951462,-0.003947619826008203,0.003947619826008203,-0.009225453688822364,-1.1291289933603505e-05,0.6666666666666666,True,False,False,LO > pIPS
55,7Networks_LH_Limbic_OFC_1,0.004322388798871289,0.002793409733331437,0.0015289790655398524,0.0015289790655398524,-0.0005014436958437826,0.003313082970522077,0.7777777777777778,False,True,False,pIPS > LO
56,7Networks_LH_Limbic_OFC_2,0.0022521801991396955,0.0009717296618900396,0.001280450537249656,0.001280450537249656,-0.0006413280378322585,0.0031494664040376025,0.7222222222222222,False,False,False,pIPS > LO
57,7Networks_LH_Limbic_TempPole_1,0.0011904773928138766,0.0030089860218046388,-0.0018185086289907622,0.0018185086289907622,-0.005114872502637632,0.0005606280025446156,0.6111111111111112,False,False,False,LO > pIPS
58,7Networks_LH_Limbic_TempPole_2,0.0026784282991558417,0.0027829730392844457,-0.00010454474012860406,0.00010454474012860406,-0.0021288347467791104,0.0017105428292160652,0.05555555555555555,False,False,False,LO > pIPS
59,7Networks_LH_Limbic_TempPole_3,0.0027398455232679844,0.003386758345189854,-0.0006469128219218695,0.0006469128219218695,-0.0034011163546875706,0.001403010055120547,0.5,False,False,False,LO > pIPS
60,7Networks_LH_Limbic_TempPole_4,-0.00046221817389065337,-0.0012017942320141576,0.0007395760581235043,0.0007395760581235043,-0.0006053358196257929,0.0021205080199203272,0.5,False,False,False,pIPS > LO
61,7Networks_LH_Cont_Par_1,0.0026080009126461467,0.0007523358679601634,0.0018556650446859833,0.0018556650446859833,-0.002564601018427519,0.0063049052578049115,0.6666666666666666,False,False,False,pIPS > LO
62,7Networks_LH_Cont_Par_2,0.006166699730630145,0.006329212719810008,-0.0001625129891798631,0.0001625129891798631,-0.004731882309428808,0.004356599768475571,0.1111111111111111,False,False,False,LO > pIPS
63,7Networks_LH_Cont_Par_3,0.008019030148713302,0.009988532598235907,-0.0019695024495226046,0.0019695024495226046,-0.006387631904937357,0.0021192521824176867,0.4444444444444444,False,False,False,LO > pIPS
64,7Networks_LH_Cont_Temp_1,0.005281594675911054,0.005760110413675151,-0.0004785157377640969,0.0004785157377640969,-0.00387678614487773,0.002666741214276151,0.3333333333333333,False,False,False,LO > pIPS
65,7Networks_LH_Cont_OFC_1,0.0024491065510208435,0.004474822151046899,-0.0020257156000260553,0.0020257156000260553,-0.007294983886344213,0.0016151527254755949,0.3888888888888889,False,False,False,LO > pIPS
66,7Networks_LH_Cont_PFCl_1,0.0022457332557030583,0.002620389560724644,-0.0003746563050215858,0.0003746563050215858,-0.0040646670302075995,0.00253467478172077,0.4444444444444444,False,False,False,LO > pIPS
67,7Networks_LH_Cont_PFCl_2,0.001587782932028597,0.003377372923524753,-0.0017895899914961563,0.0017895899914961563,-0.005586922584223924,0.0009381396959145532,0.4444444444444444,False,False,False,LO > pIPS
68,7Networks_LH_Cont_PFCl_3,0.003522038254405366,0.005131965336704051,-0.0016099270822986854,0.0016099270822986854,-0.005030453868476978,0.001119701634385657,0.4444444444444444,False,False,False,LO > pIPS
69,7Networks_LH_Cont_PFCl_4,0.007147690029623118,0.009693802179192308,-0.00254611214956919,0.00254611214956919,-0.005905454796570994,0.0005611840829663471,0.5555555555555556,False,False,False,LO > pIPS
70,7Networks_LH_Cont_PFCl_5,0.009104276489113251,0.011873176949658632,-0.002768900460545381,0.002768900460545381,-0.0060496918017255855,0.00018443881846184047,0.6666666666666666,False,False,False,LO > pIPS
71,7Networks_LH_Cont_pCun_1,-0.005633969209021183,-0.008675686560611455,0.003041717351590272,0.003041717351590272,-0.0026804449123844264,0.007957790596938612,0.6111111111111112,False,False,False,pIPS > LO
72,7Networks_LH_Cont_Cing_1,4.906691815565991e-06,-0.00044802988769629144,0.0004529365795118574,0.0004529365795118574,-0.003542082094779467,0.0033633738722750293,0.6666666666666666,False,False,False,pIPS > LO
73,7Networks_LH_Cont_Cing_2,0.005276972780324394,0.005901648684931784,-0.0006246759046073897,0.0006246759046073897,-0.0023905241871625613,0.0009426479816586538,0.5555555555555556,False,False,False,LO > pIPS
74,7Networks_LH_Default_Temp_1,-5.423166117432182e-05,-0.0013172354667977362,0.0012630038056234145,0.0012630038056234145,-0.0024614398695720604,0.004119091065661266,0.6666666666666666,False,False,False,pIPS > LO
75,7Networks_LH_Default_Temp_2,0.0030872095574627587,2.2567718746518915e-05,0.00306464183871624,0.00306464183871624,-0.00017452130476723564,0.006084449856855442,0.6111111111111112,False,False,False,pIPS > LO
76,7Networks_LH_Default_Temp_3,0.0015026187769369133,-0.0012083404055023119,0.002710959182439225,0.002710959182439225,9.881553113973e-05,0.004972929510484543,0.8333333333333334,True,True,True,pIPS > LO
77,7Networks_LH_Default_Temp_4,0.0018987917231050565,0.0013719725428630119,0.0005268191802420446,0.0005268191802420446,-0.004472686833377951,0.004616048291422713,0.4444444444444444,False,False,False,pIPS > LO
78,7Networks_LH_Default_Temp_5,0.0008174425644133311,0.0025204593926977607,-0.0017030168282844297,0.0017030168282844297,-0.007707133103964843,0.0029734952985224104,0.5,False,False,False,LO > pIPS
79,7Networks_LH_Default_Par_1,0.0018394545547182537,0.004343742106935973,-0.0025042875522177195,0.0025042875522177195,-0.009066426136938647,0.002767088728396612,0.5555555555555556,False,False,False,LO > pIPS
80,7Networks_LH_Default_Par_2,0.0015555658342539878,0.0011112946367817203,0.0004442711974722675,0.0004442711974722675,-0.0036337992983134946,0.004096602026242575,0.3888888888888889,False,False,False,pIPS > LO
81,7Networks_LH_Default_Par_3,-0.0019207311157856924,-0.0018569144941526254,-6.381662163306703e-05,6.381662163306703e-05,-0.006174427290106286,0.005129633615163253,0.05555555555555555,False,False,False,LO > pIPS
82,7Networks_LH_Default_Par_4,-0.0006641089441304004,-0.0034868973049886304,0.00282278836085823,0.00282278836085823,-0.002212339790217469,0.007425522451009053,0.6666666666666666,False,False,False,pIPS > LO
83,7Networks_LH_Default_PFC_1,0.0010572654937186638,0.000359021037237957,0.0006982444564807067,0.0006982444564807067,-0.004268730809627498,0.004015493800063499,0.8888888888888888,False,True,False,pIPS > LO
84,7Networks_LH_Default_PFC_2,-0.00041405784979842267,-0.0009793154666115416,0.000565257616813119,0.000565257616813119,-0.005152087615196499,0.004570502224601657,0.6666666666666666,False,False,False,pIPS > LO
85,7Networks_LH_Default_PFC_3,0.00202902475919542,0.002644513242096312,-0.000615488482900892,0.000615488482900892,-0.004802760405416265,0.0023168878000096728,0.3333333333333333,False,False,False,LO > pIPS
86,7Networks_LH_Default_PFC_4,0.0009848326654184935,0.0010952092280448779,-0.00011037656262638442,0.00011037656262638442,-0.003353933328341665,0.0020911393014960877,0.1111111111111111,False,False,False,LO > pIPS
87,7Networks_LH_Default_PFC_5,0.0008088852842834181,0.0027175892928673695,-0.0019087040085839515,0.0019087040085839515,-0.007738687207808786,0.001877634953696318,0.5555555555555556,False,False,False,LO > pIPS
88,7Networks_LH_Default_PFC_6,-0.0003729628826755326,-0.0009313332105798564,0.0005583703279043238,0.0005583703279043238,-0.004376356270496706,0.003858902624345403,0.6111111111111112,False,False,False,pIPS > LO
89,7Networks_LH_Default_PFC_7,0.0027934458972661428,0.0014779591963117776,0.0013154867009543651,0.0013154867009543651,-0.00080869302899212,0.00328231814148744,0.6666666666666666,False,False,False,pIPS > LO
90,7Networks_LH_Default_PFC_8,0.0029491971277924548,0.00226924003078446,0.0006799570970079946,0.0006799570970079946,-0.001371650253530998,0.0026656212718044942,0.5555555555555556,False,False,False,pIPS > LO
91,7Networks_LH_Default_PFC_9,0.0032127801619497814,0.0033493028944758998,-0.00013652273252611835,0.00013652273252611835,-0.00580548613408178,0.004145570063812521,0.16666666666666666,False,False,False,LO > pIPS
92,7Networks_LH_Default_PFC_10,0.0061906285723397686,0.007465834192399334,-0.001275205620059565,0.001275205620059565,-0.006079346424062887,0.0029599904763500428,0.3888888888888889,False,False,False,LO > pIPS
93,7Networks_LH_Default_PFC_11,0.00456176850043406,0.006025905937258797,-0.0014641374368247369,0.0014641374368247369,-0.005810299298219851,0.0019307966325980387,0.4444444444444444,False,False,False,LO > pIPS
94,7Networks_LH_Default_PFC_12,0.0003648934923096484,0.00093586024873138,-0.0005709667564217316,0.0005709667564217316,-0.006322868922255791,0.003217978349353048,0.2777777777777778,False,False,False,LO > pIPS
95,7Networks_LH_Default_PFC_13,0.004864345715341565,0.007840623646245218,-0.002976277930903654,0.002976277930903654,-0.008858187594997808,0.0014375081248911748,0.6111111111111112,False,False,False,LO > pIPS
96,7Networks_LH_Default_pCunPCC_1,-0.0043830928819722425,-0.006951383439065357,0.0025682905570931147,0.0025682905570931147,-0.004995271799175501,0.008034071858573032,0.7222222222222222,False,False,False,pIPS > LO
97,7Networks_LH_Default_pCunPCC_2,-0.0021428107267240375,-0.004430578150664808,0.0022877674239407705,0.0022877674239407705,-0.004315539025525129,0.007119029118289594,0.7222222222222222,False,False,False,pIPS > LO
98,7Networks_LH_Default_pCunPCC_3,0.004359906562185456,0.0017357591563747815,0.002624147405810675,0.002624147405810675,2.9633561600679954e-05,0.004918932338276668,0.7777777777777778,True,True,True,pIPS > LO
99,7Networks_LH_Default_pCunPCC_4,0.0001877908872744744,-0.0032718061701514723,0.003459597057425947,0.003459597057425947,-0.0006062541988582589,0.007441179385498871,0.7222222222222222,False,False,False,pIPS > LO
100,7Networks_LH_Default_PHC_1,0.008504651721192276,0.010997818171826653,-0.002493166450634377,0.002493166450634377,-0.00593542365362863,0.00033010911976119145,0.5555555555555556,False,False,False,LO > pIPS
101,7Networks_RH_Vis_1,0.011824214484400901,0.01718195386178954,-0.005357739377388638,0.005357739377388638,-0.008397195753176464,-0.0025008750314272905,0.7777777777777778,True,True,True,LO > pIPS
102,7Networks_RH_Vis_2,0.010206239344256797,0.012493329498289237,-0.00228709015403244,0.00228709015403244,-0.006512637570796286,0.0012349479371413423,0.5555555555555556,False,False,False,LO > pIPS
103,7Networks_RH_Vis_3,0.012528295553991077,0.01636332502217072,-0.0038350294681796446,0.0038350294681796446,-0.008037443041161501,3.9640385720141604e-05,0.5555555555555556,False,False,False,LO > pIPS
104,7Networks_RH_Vis_4,-0.0031873755159655026,-0.008055162989817677,0.004867787473852175,0.004867787473852175,0.0010302225956665047,0.009357876235241425,0.6666666666666666,True,False,False,pIPS > LO
105,7Networks_RH_Vis_5,0.006433697677455214,0.01100888844564943,-0.004575190768194216,0.004575190768194216,-0.009951167323119094,-0.0007751376810800964,0.6666666666666666,True,False,False,LO > pIPS
106,7Networks_RH_Vis_6,-0.0006347168346227262,-0.002860181088262851,0.0022254642536401244,0.0022254642536401244,-0.0013473376716365744,0.005193161458848352,0.7222222222222222,False,False,False,pIPS > LO
107,7Networks_RH_Vis_7,-0.0007598708288488792,-0.003773360471809829,0.0030134896429609495,0.0030134896429609495,-0.00017601981472874651,0.005980463095790508,0.7222222222222222,False,False,False,pIPS > LO
108,7Networks_RH_Vis_8,0.01011692549171699,0.01485247467061527,-0.00473554917889828,0.00473554917889828,-0.00902574895727964,-0.0009130876748041949,0.6666666666666666,True,False,False,LO > pIPS
109,7Networks_RH_Vis_9,-0.010790541478263301,-0.0164227595326219,0.005632218054358599,0.005632218054358599,-0.000868595652242161,0.011782383838349203,0.6111111111111112,False,False,False,pIPS > LO
110,7Networks_RH_Vis_10,-0.0021683736234764917,-0.003583231401806038,0.0014148577783295465,0.0014148577783295465,-0.0033993660311372248,0.005049114126009221,0.6111111111111112,False,False,False,pIPS > LO
111,7Networks_RH_Vis_11,0.012769575565623094,0.019898896102440597,-0.007129320536817503,0.007129320536817503,-0.010731511863680413,-0.003658704009056923,0.8333333333333334,True,True,True,LO > pIPS
112,7Networks_RH_Vis_12,-0.009895239839791632,-0.015908953374355952,0.00601371353456432,0.00601371353456432,0.00018366490057668906,0.011559886454875679,0.7777777777777778,True,True,True,pIPS > LO
113,7Networks_RH_Vis_13,-0.007113652942823359,-0.010566876653056263,0.003453223710232904,0.003453223710232904,-0.002774953609337992,0.008564929572613495,0.7222222222222222,False,False,False,pIPS > LO
114,7Networks_RH_Vis_14,-0.009636794997254353,-0.015731752204640476,0.006094957207386124,0.006094957207386124,0.0024381477100451306,0.009809665047305025,0.8888888888888888,True,True,True,pIPS > LO
115,7Networks_RH_Vis_15,0.0038212018232638475,0.005594035977232085,-0.0017728341539682375,0.0017728341539682375,-0.004921862435350345,0.0011227180721970567,0.5555555555555556,False,False,False,LO > pIPS
116,7Networks_RH_SomMot_1,0.0025700406345534766,0.0033714597089132656,-0.000801419074359789,0.000801419074359789,-0.0037269015904549617,0.001670836487639182,0.3888888888888889,False,False,False,LO > pIPS
117,7Networks_RH_SomMot_2,0.002085265296752408,0.0021800449592819194,-9.477966252951142e-05,9.477966252951142e-05,-0.003177030210263782,0.0026337570116968636,0.2222222222222222,False,False,False,LO > pIPS
118,7Networks_RH_SomMot_3,0.00226125279526833,0.00348812500218019,-0.00122687220691186,0.00122687220691186,-0.005005291212472576,0.0017453735562733444,0.3888888888888889,False,False,False,LO > pIPS
119,7Networks_RH_SomMot_4,0.0030279746055971784,0.003621485772272917,-0.0005935111666757384,0.0005935111666757384,-0.00324585359625587,0.001908773923182943,0.4444444444444444,False,False,False,LO > pIPS
120,7Networks_RH_SomMot_5,0.0006676439025759258,0.002155291583398815,-0.0014876476808228893,0.0014876476808228893,-0.005296764445818962,0.0023297863663000002,0.6111111111111112,False,False,False,LO > pIPS
121,7Networks_RH_SomMot_6,0.002757637418985237,0.0029642964152028863,-0.00020665899621764936,0.00020665899621764936,-0.003518796893923169,0.0025009267175622246,0.2777777777777778,False,False,False,LO > pIPS
122,7Networks_RH_SomMot_7,0.005439779341968748,0.005947870706325312,-0.0005080913643565636,0.0005080913643565636,-0.003367825063761301,0.002327809998098528,0.5555555555555556,False,False,False,LO > pIPS
123,7Networks_RH_SomMot_8,0.003975591366392221,0.0019472196037208754,0.0020283717626713455,0.0020283717626713455,-0.0007699156001133811,0.004657027457074131,0.7222222222222222,False,False,False,pIPS > LO
124,7Networks_RH_SomMot_9,0.003242611844294645,0.005635948933649146,-0.002393337089354501,0.002393337089354501,-0.004464488781152141,-0.000355523793882265,0.6111111111111112,True,False,False,LO > pIPS
125,7Networks_RH_SomMot_10,0.004315425784029046,0.004186850553938687,0.0001285752300903588,0.0001285752300903588,-0.002303129198939139,0.0024022827244384805,0.3333333333333333,False,False,False,pIPS > LO
126,7Networks_RH_SomMot_11,0.002107121189896363,0.002889785049760092,-0.0007826638598637291,0.0007826638598637291,-0.004988133178009137,0.00268581182893231,0.2777777777777778,False,False,False,LO > pIPS
127,7Networks_RH_SomMot_12,0.006094658332254546,0.008311339511179065,-0.002216681178924519,0.002216681178924519,-0.00571578793436762,0.00092340297346436,0.6111111111111112,False,False,False,LO > pIPS
128,7Networks_RH_SomMot_13,0.003150298250824907,0.006057970083184764,-0.002907671832359857,0.002907671832359857,-0.006297771875856475,0.00012019678188690895,0.6111111111111112,False,False,False,LO > pIPS
129,7Networks_RH_SomMot_14,0.0040799887051957105,0.006595727245949126,-0.002515738540753415,0.002515738540753415,-0.0066797607231227655,0.0010924028339001593,0.6111111111111112,False,False,False,LO > pIPS
130,7Networks_RH_SomMot_15,0.0036342725149004318,0.007228307552449472,-0.0035940350375490405,0.0035940350375490405,-0.008332600499094565,0.0006568507073124721,0.6111111111111112,False,False,False,LO > pIPS
131,7Networks_RH_SomMot_16,0.0012845200455441886,0.003258589994784812,-0.0019740699492406233,0.0019740699492406233,-0.005813817941332796,0.000981295549538854,0.5,False,False,False,LO > pIPS
132,7Networks_RH_SomMot_17,0.0001298260960588641,0.0010654543089282055,-0.0009356282128693414,0.0009356282128693414,-0.004860534844788256,0.0024813789382474695,0.3888888888888889,False,False,False,LO > pIPS
133,7Networks_RH_SomMot_18,0.0017380169921067613,0.005291036125631917,-0.0035530191335251555,0.0035530191335251555,-0.008426167539760204,0.0005628052935743792,0.5555555555555556,False,False,False,LO > pIPS
134,7Networks_RH_SomMot_19,0.003495352411261638,0.008041379352406076,-0.004546026941144438,0.004546026941144438,-0.009429462296801402,-0.0003147704028610234,0.6666666666666666,True,False,False,LO > pIPS
135,7Networks_RH_DorsAttn_Post_1,0.011707336313273472,0.020046996701355166,-0.008339660388081694,0.008339660388081694,-0.013113309398635368,-0.003931706056461926,0.8333333333333334,True,True,True,LO > pIPS
136,7Networks_RH_DorsAttn_Post_2,0.005639996086018871,0.008240900594519991,-0.00260090450850112,0.00260090450850112,-0.005884171337841005,0.0007744104387419124,0.6666666666666666,False,False,False,LO > pIPS
137,7Networks_RH_DorsAttn_Post_3,0.0016758950402983495,0.002938847478295185,-0.0012629524379968358,0.0012629524379968358,-0.0037347093095614074,0.0009835808246705794,0.5555555555555556,False,False,False,LO > pIPS
138,7Networks_RH_DorsAttn_Post_4,0.0006529979924839287,0.0026468959842991264,-0.001993897991815198,0.001993897991815198,-0.005249202024780831,0.0010750192086416324,0.5,False,False,False,LO > pIPS
139,7Networks_RH_DorsAttn_Post_5,0.004740507102499829,0.006522723829721043,-0.0017822167272212143,0.0017822167272212143,-0.004492745595551203,0.0007368404117594575,0.5555555555555556,False,False,False,LO > pIPS
140,7Networks_RH_DorsAttn_Post_6,0.0026884306427852334,0.0038744931364123364,-0.001186062493627103,0.001186062493627103,-0.004152892615576713,0.0018141624458871246,0.5,False,False,False,LO > pIPS
141,7Networks_RH_DorsAttn_Post_7,0.00670903081077479,0.01335939434924203,-0.00665036353846724,0.00665036353846724,-0.010387842377980986,-0.0030417222040534653,0.8888888888888888,True,True,True,LO > pIPS
142,7Networks_RH_DorsAttn_Post_8,0.006683097517297353,0.011445264159686722,-0.004762166642389369,0.004762166642389369,-0.008067487045183131,-0.0017631402553062543,0.7222222222222222,True,False,False,LO > pIPS
143,7Networks_RH_DorsAttn_Post_9,-0.0022452215166977865,-0.0038650227008864536,0.001619801184188667,0.001619801184188667,-0.002016503149232814,0.005018037949600504,0.6666666666666666,False,False,False,pIPS > LO
144,7Networks_RH_DorsAttn_Post_10,0.0020735408220290893,0.0036737903616105363,-0.001600249539581447,0.001600249539581447,-0.004521488395912081,0.0012521663482308056,0.6111111111111112,False,False,False,LO > pIPS
145,7Networks_RH_DorsAttn_FEF_1,0.0018857571849688832,0.003984994650672528,-0.0020992374657036452,0.0020992374657036452,-0.005113259044140603,0.00033438273855692296,0.5555555555555556,False,False,False,LO > pIPS
146,7Networks_RH_DorsAttn_FEF_2,0.00045393839219959716,0.003266592179546551,-0.0028126537873469537,0.0028126537873469537,-0.00662122389401961,9.841922037141488e-05,0.6111111111111112,False,False,False,LO > pIPS
147,7Networks_RH_DorsAttn_PrCv_1,0.001648839171719674,0.004194413140746164,-0.00254557396902649,0.00254557396902649,-0.004765926514362433,-0.00035693501658352216,0.7222222222222222,True,False,False,LO > pIPS
148,7Networks_RH_SalVentAttn_TempOccPar_1,-0.0005990027270783843,-0.0004886386091874927,-0.00011036411789089166,0.00011036411789089166,-0.003910536997309775,0.0038444124426784605,0.0,False,False,False,LO > pIPS
149,7Networks_RH_SalVentAttn_TempOccPar_2,0.001693354514126334,-4.820164934823224e-06,0.0016981746790611571,0.0016981746790611571,-0.0012690366344121266,0.004623360036865431,0.6111111111111112,False,False,False,pIPS > LO
150,7Networks_RH_SalVentAttn_TempOccPar_3,0.001478809677721554,0.002526590505128368,-0.001047780827406814,0.001047780827406814,-0.003475858362458714,0.0013103029405101508,0.5,False,False,False,LO > pIPS
151,7Networks_RH_SalVentAttn_PrC_1,0.004101392077451447,0.005201469545445697,-0.0011000774679942498,0.0011000774679942498,-0.003565194987803573,0.0016908191557126909,0.5555555555555556,False,False,False,LO > pIPS
152,7Networks_RH_SalVentAttn_FrOperIns_1,0.0007513045677796088,-5.418984087460149e-05,0.0008054944086542102,0.0008054944086542102,-0.0004991160052605781,0.00201360068388983,0.7222222222222222,False,False,False,pIPS > LO
153,7Networks_RH_SalVentAttn_FrOperIns_2,0.0017592750942785522,0.0009138582059596128,0.0008454168883189394,0.0008454168883189394,-0.0016085880215654961,0.002843811753413248,0.5555555555555556,False,False,False,pIPS > LO
154,7Networks_RH_SalVentAttn_FrOperIns_3,0.0019236763918366933,0.0046104312506722415,-0.002686754858835548,0.002686754858835548,-0.006179300242763616,7.640100453627461e-05,0.5555555555555556,False,False,False,LO > pIPS
155,7Networks_RH_SalVentAttn_FrOperIns_4,0.000914539435092032,0.002588024873939424,-0.0016734854388473917,0.0016734854388473917,-0.005335054817878139,0.0012479541673960683,0.5,False,False,False,LO > pIPS
156,7Networks_RH_SalVentAttn_Med_1,0.0043774992769108866,0.005178515237303001,-0.0008010159603921143,0.0008010159603921143,-0.002704881339578385,0.0009859215112252913,0.5,False,False,False,LO > pIPS
157,7Networks_RH_SalVentAttn_Med_2,9.130474694765434e-05,-0.0030150320895994003,0.0031063368365470546,0.0031063368365470546,0.00044256284570753197,0.005601845581512863,0.8333333333333334,True,True,True,pIPS > LO
158,7Networks_RH_SalVentAttn_Med_3,0.0016309550038802892,0.005191156064151388,-0.0035602010602710987,0.0035602010602710987,-0.007627152235914107,-0.00019366912071450232,0.7222222222222222,True,False,False,LO > pIPS
159,7Networks_RH_Limbic_OFC_1,0.0024479848015322974,0.0011075534983826848,0.0013404313031496126,0.0013404313031496126,0.00012816149733316684,0.0024171044850442333,0.8333333333333334,True,True,True,pIPS > LO
160,7Networks_RH_Limbic_OFC_2,0.0033747891328207193,0.0015472541577631154,0.001827534975057604,0.001827534975057604,0.00047493369278442203,0.003252660792876903,0.7777777777777778,True,True,True,pIPS > LO
161,7Networks_RH_Limbic_OFC_3,-0.000628636682790104,-0.0004006207352351536,-0.0002280159475549504,0.0002280159475549504,-0.0020704458377467597,0.0013864135135318724,0.5,False,False,False,LO > pIPS
162,7Networks_RH_Limbic_TempPole_1,0.002549606099354466,0.0032177539846009124,-0.0006681478852464465,0.0006681478852464465,-0.002003044052726764,0.0005734421123305172,0.6666666666666666,False,False,False,LO > pIPS
163,7Networks_RH_Limbic_TempPole_2,0.0029658584390362627,0.0017366265354974303,0.0012292319035388324,0.0012292319035388324,-0.0004163855000610372,0.0028968177282221175,0.6666666666666666,False,False,False,pIPS > LO
164,7Networks_RH_Limbic_TempPole_3,0.0034940792655541978,0.003718507966329974,-0.00022442870077577642,0.00022442870077577642,-0.0020337019470002735,0.0012372780142415256,0.4444444444444444,False,False,False,LO > pIPS
165,7Networks_RH_Cont_Par_1,-0.0017918780503295444,-0.0010650960577796276,-0.0007267819925499167,0.0007267819925499167,-0.002959210014274156,0.0015372848567060185,0.7222222222222222,False,False,False,LO > pIPS
166,7Networks_RH_Cont_Par_2,-0.0005809364883255201,-0.000502481892063953,-7.845459626156708e-05,7.845459626156708e-05,-0.0041579765230132446,0.003646277815788173,0.05555555555555555,False,False,False,LO > pIPS
167,7Networks_RH_Cont_Par_3,0.004974678205187034,0.007561956802423424,-0.00258727859723639,0.00258727859723639,-0.006922938355022254,0.0015808752119407412,0.5555555555555556,False,False,False,LO > pIPS
168,7Networks_RH_Cont_Temp_1,0.004113008791610384,0.005692003780728453,-0.0015789949891180698,0.0015789949891180698,-0.0045710397464542845,0.001193875584160302,0.5555555555555556,False,False,False,LO > pIPS
169,7Networks_RH_Cont_PFCv_1,0.0009000723238348438,0.0017125103921309072,-0.0008124380682960633,0.0008124380682960633,-0.005173394975593978,0.001919925151592507,0.2222222222222222,False,False,False,LO > pIPS
170,7Networks_RH_Cont_PFCl_1,0.002226510108330802,0.0038585813772188046,-0.0016320712688880027,0.0016320712688880027,-0.003886136037248848,0.0003652630458986794,0.7222222222222222,False,False,False,LO > pIPS
171,7Networks_RH_Cont_PFCl_2,0.0009198224835904533,0.0038027450631708992,-0.0028829225795804457,0.0028829225795804457,-0.005277230574191135,-0.0007645303656868791,0.6666666666666666,True,False,False,LO > pIPS
172,7Networks_RH_Cont_PFCl_3,0.0028443900262483776,0.004614498419244733,-0.0017701083929963558,0.0017701083929963558,-0.003411351032519609,-9.472283868456793e-05,0.7777777777777778,True,True,True,LO > pIPS
173,7Networks_RH_Cont_PFCl_4,0.004244143802798861,0.00672236934113458,-0.0024782255383357195,0.0024782255383357195,-0.004882089545089793,-5.754787897038942e-05,0.6666666666666666,True,False,False,LO > pIPS
174,7Networks_RH_Cont_PFCl_5,0.0038589332241083627,0.004524035607119001,-0.0006651023830106383,0.0006651023830106383,-0.002855212938645305,0.00126455637454851,0.3888888888888889,False,False,False,LO > pIPS
175,7Networks_RH_Cont_PFCl_6,0.002464043875732905,0.0013725380692321714,0.0010915058065007336,0.0010915058065007336,-0.0007170417240642085,0.002789019712768732,0.6666666666666666,False,False,False,pIPS > LO
176,7Networks_RH_Cont_PFCl_7,0.0025757627665516166,0.004793308769280667,-0.002217546002729051,0.002217546002729051,-0.004493409274043964,9.625528197833886e-05,0.6666666666666666,False,False,False,LO > pIPS
177,7Networks_RH_Cont_pCun_1,-0.006804900472106757,-0.008381510124208878,0.0015766096521021202,0.0015766096521021202,-0.0036816620694229848,0.006195602846224365,0.6111111111111112,False,False,False,pIPS > LO
178,7Networks_RH_Cont_Cing_1,0.000899359566706242,-0.00015906306677838884,0.001058422633484631,0.001058422633484631,-0.0015360985822930645,0.0032192792991321867,0.8333333333333334,False,True,False,pIPS > LO
179,7Networks_RH_Cont_Cing_2,0.004108111707042822,0.004772729076513608,-0.0006646173694707857,0.0006646173694707857,-0.0026088658651030206,0.0010294938642432599,0.3888888888888889,False,False,False,LO > pIPS
180,7Networks_RH_Cont_PFCmp_1,0.00460458018995227,0.004373396853848621,0.00023118333610364864,0.00023118333610364864,-0.0011389901609909132,0.001623482299363992,0.3888888888888889,False,False,False,pIPS > LO
181,7Networks_RH_Cont_PFCmp_2,0.0015034191873895394,0.0050524079455671915,-0.003548988758177652,0.003548988758177652,-0.007830116582310535,-0.00024203236778536143,0.6111111111111112,True,False,False,LO > pIPS
182,7Networks_RH_Default_Par_1,0.0005500199192632851,-0.0011961945663268587,0.0017462144855901439,0.0017462144855901439,-0.001061958793059885,0.004443003566653427,0.6666666666666666,False,False,False,pIPS > LO
183,7Networks_RH_Default_Par_2,0.0002549486974131592,-0.001272237142549181,0.0015271858399623403,0.0015271858399623403,-0.0019924846038029127,0.005050065528931259,0.5555555555555556,False,False,False,pIPS > LO
184,7Networks_RH_Default_Par_3,0.0023120164498939486,0.0001458293254956635,0.002166187124398285,0.002166187124398285,-0.0014336278789330538,0.005742091679881843,0.6111111111111112,False,False,False,pIPS > LO
185,7Networks_RH_Default_Temp_1,0.0009535170545360726,-0.0004971554288998452,0.0014506724834359177,0.0014506724834359177,-8.69303375729406e-05,0.0029115868060128488,0.7222222222222222,False,False,False,pIPS > LO
186,7Networks_RH_Default_Temp_2,0.0038226241634960792,0.0005047738065640437,0.003317850356932036,0.003317850356932036,0.001212035870449876,0.005483811028525568,0.8333333333333334,True,True,True,pIPS > LO
187,7Networks_RH_Default_Temp_3,0.0011654740693363616,-0.0005828442308343713,0.001748318300170733,0.001748318300170733,1.2694074247863912e-05,0.003524406424229811,0.5555555555555556,True,False,False,pIPS > LO
188,7Networks_RH_Default_Temp_4,0.00314408894125022,0.0042523855432369875,-0.0011082966019867677,0.0011082966019867677,-0.004155461527195383,0.0017234975207498938,0.5,False,False,False,LO > pIPS
189,7Networks_RH_Default_Temp_5,0.0020205066628545595,0.001936592535863928,8.391412699063137e-05,8.391412699063137e-05,-0.002957291940787302,0.0029720228404925557,0.2222222222222222,False,False,False,pIPS > LO
190,7Networks_RH_Default_PFCv_1,0.002254474959507695,0.003581834490785663,-0.001327359531277968,0.001327359531277968,-0.004231894156255714,0.0010396993045334614,0.5555555555555556,False,False,False,LO > pIPS
191,7Networks_RH_Default_PFCdPFCm_1,-5.766685627306223e-05,-0.0011552346195605166,0.0010975677632874543,0.0010975677632874543,-0.0027932222515924753,0.0038622975953422328,0.7777777777777778,False,True,False,pIPS > LO
192,7Networks_RH_Default_PFCdPFCm_2,-8.642948722948028e-05,0.00019191493780205406,-0.00027834442503153436,0.00027834442503153436,-0.005208877472715178,0.003246907707416338,0.3333333333333333,False,False,False,LO > pIPS
193,7Networks_RH_Default_PFCdPFCm_3,0.0006905996209288132,0.0021546352915789635,-0.0014640356706501502,0.0014640356706501502,-0.004735745657099386,0.0008760494485213216,0.5555555555555556,False,False,False,LO > pIPS
194,7Networks_RH_Default_PFCdPFCm_4,0.0008214319853539999,0.00034389556442559,0.00047753642092840983,0.00047753642092840983,-0.0012031566560882802,0.0020430314451232077,0.6666666666666666,False,False,False,pIPS > LO
195,7Networks_RH_Default_PFCdPFCm_5,0.00024675502675656477,0.0013004622402229056,-0.0010537072134663408,0.0010537072134663408,-0.0046162265246853474,0.001550088675135237,0.5,False,False,False,LO > pIPS
196,7Networks_RH_Default_PFCdPFCm_6,0.000309585251290948,0.0008343683303438708,-0.0005247830790529229,0.0005247830790529229,-0.003736971286643277,0.0022088444177059867,0.3333333333333333,False,False,False,LO > pIPS
197,7Networks_RH_Default_PFCdPFCm_7,-0.0017322647406205185,-0.0007757835831837973,-0.0009564811574367212,0.0009564811574367212,-0.004836961390184143,0.002192724189280622,0.3888888888888889,False,False,False,LO > pIPS
198,7Networks_RH_Default_pCunPCC_1,-0.004906014149151866,-0.007817818836956685,0.002911804687804819,0.002911804687804819,-0.0034496005975319538,0.0082814907782398,0.7222222222222222,False,False,False,pIPS > LO
199,7Networks_RH_Default_pCunPCC_2,-0.002625318996180277,-0.004981186459378651,0.002355867463198374,0.002355867463198374,-0.002626654785748952,0.0063164571677359425,0.7222222222222222,False,False,False,pIPS > LO
200,7Networks_RH_Default_pCunPCC_3,-0.0007183829237095127,-0.004280643597075253,0.00356226067336574,0.00356226067336574,-0.0001337864731353902,0.006919980941014688,0.7777777777777778,False,True,False,pIPS > LO
