ROI_ID,pIPS_Connectivity,LO_Connectivity,Difference,Abs_Difference,CI_Lower,CI_Upper,Bootstrap_Significant,LOO_Reliability,LOO_Significant,Combined_Significant,ROI_Name,Direction
1,0.10923573139466737,0.10278664068563988,0.006449090709027494,0.006449090709027494,-0.010891721365777287,0.01997539785102401,False,0.6842105263157895,False,False,7Networks_LH_Vis_1,pIPS > LO
2,0.11810639422190816,0.13596269998111224,-0.017856305759204077,0.017856305759204077,-0.029894681794470863,-0.006582544538143444,True,0.7894736842105263,True,True,7Networks_LH_Vis_2,LO > pIPS
3,0.14056892144052605,0.21120185797151766,-0.07063293653099162,0.07063293653099162,-0.08907887917011975,-0.05321395346208622,True,1.0,True,True,7Networks_LH_Vis_3,LO > pIPS
4,0.07860854113670557,0.027603222939528917,0.05100531819717665,0.05100531819717665,0.02979223589094258,0.06900239480218212,True,0.9473684210526315,True,True,7Networks_LH_Vis_4,pIPS > LO
5,0.05295494659558723,0.10068890373957784,-0.04773395714399061,0.04773395714399061,-0.0628828428979767,-0.0325451610658906,True,0.9473684210526315,True,True,7Networks_LH_Vis_5,LO > pIPS
6,0.0707606530111087,0.04442841926663134,0.026332233744477365,0.026332233744477365,0.012733735760986364,0.03822328816183328,True,0.8947368421052632,True,True,7Networks_LH_Vis_6,pIPS > LO
7,0.058084520903465,0.03031617616254248,0.027768344740922518,0.027768344740922518,0.008041885754363121,0.047108415279561944,True,0.7368421052631579,False,False,7Networks_LH_Vis_7,pIPS > LO
8,0.1285976881259366,0.1360669071344953,-0.007469219008558681,0.007469219008558681,-0.02088363352966937,0.0062010920116383605,False,0.5789473684210527,False,False,7Networks_LH_Vis_8,LO > pIPS
9,0.07627597686491515,0.11407894621554174,-0.03780296935062659,0.03780296935062659,-0.05721767533962665,-0.019303458110478365,True,0.7894736842105263,True,True,7Networks_LH_Vis_9,LO > pIPS
10,0.09476152265836534,0.03811422688886523,0.0566472957695001,0.0566472957695001,0.040191092862943686,0.0728124794654401,True,0.9473684210526315,True,True,7Networks_LH_Vis_10,pIPS > LO
11,0.12164512335469849,0.13627870233827516,-0.014633578983576673,0.014633578983576673,-0.026164408275661508,-0.0022908555539815174,True,0.6842105263157895,False,False,7Networks_LH_Vis_11,LO > pIPS
12,0.10280124465689848,0.048334731021896005,0.054466513635002475,0.054466513635002475,0.03896904917538018,0.07188009899109601,True,1.0,True,True,7Networks_LH_Vis_12,pIPS > LO
13,0.08996793662050837,0.005510507935756131,0.08445742868475223,0.08445742868475223,0.0707319522840216,0.09731506529803338,True,1.0,True,True,7Networks_LH_Vis_13,pIPS > LO
14,0.13381636593686907,0.06654326730456792,0.06727309863230116,0.06727309863230116,0.04991944014082516,0.08390671615978997,True,0.9473684210526315,True,True,7Networks_LH_Vis_14,pIPS > LO
15,0.04630920928167669,0.037817511756561305,0.008491697525115388,0.008491697525115388,0.0028179071365708576,0.014547040917616534,True,0.631578947368421,False,False,7Networks_LH_SomMot_1,pIPS > LO
16,0.06437555384381037,0.0525173575519339,0.011858196291876469,0.011858196291876469,0.001281528824352121,0.025180257328687908,True,0.5263157894736842,False,False,7Networks_LH_SomMot_2,pIPS > LO
17,0.053944834753086694,0.04174946396807699,0.012195370785009707,0.012195370785009707,0.0006537174953049735,0.029948002323018093,True,0.5789473684210527,False,False,7Networks_LH_SomMot_3,pIPS > LO
18,0.05906861353861658,0.04357386170886457,0.015494751829752011,0.015494751829752011,0.00427895643975046,0.03048148726290827,True,0.7894736842105263,True,True,7Networks_LH_SomMot_4,pIPS > LO
19,0.06338533386588097,0.04573925638473347,0.017646077481147493,0.017646077481147493,0.004683716212840453,0.03707065814738406,True,0.7368421052631579,False,False,7Networks_LH_SomMot_5,pIPS > LO
20,0.06398776850025904,0.06225462679408098,0.001733141706178061,0.001733141706178061,-0.00474743127675825,0.00832161418848524,False,0.5263157894736842,False,False,7Networks_LH_SomMot_6,pIPS > LO
21,0.077041670876114,0.07887162116209143,-0.001829950285977433,0.001829950285977433,-0.01340217090603945,0.008470877826115799,False,0.47368421052631576,False,False,7Networks_LH_SomMot_7,LO > pIPS
22,0.06469160803642712,0.06239119368164163,0.0023004143547854933,0.0023004143547854933,-0.010636404148106907,0.0121142744196971,False,0.5789473684210527,False,False,7Networks_LH_SomMot_8,pIPS > LO
23,0.08269632421433926,0.08117450381580152,0.0015218203985377377,0.0015218203985377377,-0.005881542908517933,0.009229038864080058,False,0.3684210526315789,False,False,7Networks_LH_SomMot_9,pIPS > LO
24,0.07896247447321289,0.07912769247042506,-0.00016521799721216923,0.00016521799721216923,-0.008383718663581497,0.008345355820155841,False,0.15789473684210525,False,False,7Networks_LH_SomMot_10,LO > pIPS
25,0.12087887564772054,0.10641084797680378,0.014468027670916761,0.014468027670916761,0.005455442297419448,0.024182207921617894,True,0.631578947368421,False,False,7Networks_LH_SomMot_11,pIPS > LO
26,0.08190538062665023,0.07857417307892128,0.0033312075477289482,0.0033312075477289482,-0.006470747231995977,0.013805619792056913,False,0.47368421052631576,False,False,7Networks_LH_SomMot_12,pIPS > LO
27,0.08818142919948227,0.07161105340836864,0.01657037579111363,0.01657037579111363,0.009262093741103613,0.024543167393360488,True,0.8421052631578947,True,True,7Networks_LH_SomMot_13,pIPS > LO
28,0.06449249445607788,0.055894681350573114,0.008597813105504767,0.008597813105504767,-0.0019218769690364944,0.02325671735268674,False,0.5263157894736842,False,False,7Networks_LH_SomMot_14,pIPS > LO
29,0.07951449718032229,0.06717699942620177,0.012337497754120519,0.012337497754120519,0.0037692289499222822,0.02147375485602471,True,0.631578947368421,False,False,7Networks_LH_SomMot_15,pIPS > LO
30,0.079314467448153,0.06887316892511751,0.010441298523035492,0.010441298523035492,0.0010826281725281974,0.020699264868285112,True,0.5263157894736842,False,False,7Networks_LH_SomMot_16,pIPS > LO
31,0.0940584683496701,0.12457403854319923,-0.03051557019352913,0.03051557019352913,-0.04309833238979703,-0.019469849348656455,True,0.9473684210526315,True,True,7Networks_LH_DorsAttn_Post_1,LO > pIPS
32,0.09991000710349333,0.10316460089463937,-0.0032545937911460376,0.0032545937911460376,-0.015572762675583362,0.008495639759655053,False,0.47368421052631576,False,False,7Networks_LH_DorsAttn_Post_2,LO > pIPS
33,0.17946685419270866,0.14872680016254125,0.030740054030167413,0.030740054030167413,0.008503385094043444,0.05198578309071689,True,0.7894736842105263,True,True,7Networks_LH_DorsAttn_Post_3,pIPS > LO
34,0.0753034757156121,0.07228268178081826,0.0030207939347938473,0.0030207939347938473,-0.010082444883147745,0.013625164761355044,False,0.631578947368421,False,False,7Networks_LH_DorsAttn_Post_4,pIPS > LO
35,0.10217897025378127,0.10806551516840332,-0.005886544914622052,0.005886544914622052,-0.020825171196147005,0.0074197585645474845,False,0.42105263157894735,False,False,7Networks_LH_DorsAttn_Post_5,LO > pIPS
36,0.11676081799362835,0.12310719548871643,-0.006346377495088082,0.006346377495088082,-0.0196266873592609,0.007221244746132887,False,0.5789473684210527,False,False,7Networks_LH_DorsAttn_Post_6,LO > pIPS
37,0.12088872531526967,0.09033669251948595,0.030552032795783723,0.030552032795783723,0.01684690302262376,0.04413298331568702,True,0.7894736842105263,True,True,7Networks_LH_DorsAttn_Post_7,pIPS > LO
38,0.1295582428574562,0.13018802533808507,-0.0006297824806288654,0.0006297824806288654,-0.015166559859522062,0.012824556530502266,False,0.21052631578947367,False,False,7Networks_LH_DorsAttn_Post_8,LO > pIPS
39,0.10628122865761581,0.06711754742029466,0.039163681237321155,0.039163681237321155,0.024726034531761948,0.05325473867062673,True,0.8947368421052632,True,True,7Networks_LH_DorsAttn_Post_9,pIPS > LO
40,0.10498668998479843,0.07550362264737487,0.029483067337423563,0.029483067337423563,0.018946091860140617,0.040449688325047875,True,0.8947368421052632,True,True,7Networks_LH_DorsAttn_Post_10,pIPS > LO
41,0.0834308368595023,0.08143433359892745,0.00199650326057485,0.00199650326057485,-0.007630122102502934,0.011183577582338134,False,0.42105263157894735,False,False,7Networks_LH_DorsAttn_FEF_1,pIPS > LO
42,0.07748533991214476,0.05636868478828355,0.02111665512386121,0.02111665512386121,0.009604666336733658,0.034320200963779086,True,0.7894736842105263,True,True,7Networks_LH_DorsAttn_FEF_2,pIPS > LO
43,0.06523667251397121,0.07177161709650566,-0.006534944582534452,0.006534944582534452,-0.014230480589168646,0.00036898669419122904,False,0.631578947368421,False,False,7Networks_LH_DorsAttn_PrCv_1,LO > pIPS
44,0.06702172825431549,0.05680261302347246,0.010219115230843026,0.010219115230843026,-0.0024963497649878237,0.027175469982505186,False,0.6842105263157895,False,False,7Networks_LH_SalVentAttn_ParOper_1,pIPS > LO
45,0.060570396495198735,0.04197588902407963,0.018594507471119105,0.018594507471119105,0.007040937882112828,0.03150090846006366,True,0.8421052631578947,True,True,7Networks_LH_SalVentAttn_ParOper_2,pIPS > LO
46,0.05544194664904162,0.04297665336880049,0.012465293280241131,0.012465293280241131,0.002798802110268491,0.022443954939770167,True,0.631578947368421,False,False,7Networks_LH_SalVentAttn_ParOper_3,pIPS > LO
47,0.03734336012827331,0.028565023817416085,0.008778336310857223,0.008778336310857223,0.0038042564187076326,0.013809458378665637,True,0.7368421052631579,False,False,7Networks_LH_SalVentAttn_FrOperIns_1,pIPS > LO
48,0.041492578555143586,0.04181931555075081,-0.00032673699560722275,0.00032673699560722275,-0.013352352461324222,0.018957995082172063,False,0.10526315789473684,False,False,7Networks_LH_SalVentAttn_FrOperIns_2,LO > pIPS
49,0.04506575789204553,0.032170588665298726,0.012895169226746807,0.012895169226746807,-0.0003131064855934783,0.03333035758512682,False,0.5789473684210527,False,False,7Networks_LH_SalVentAttn_FrOperIns_3,pIPS > LO
50,0.05133639467193892,0.0421114981076435,0.00922489656429542,0.00922489656429542,-0.002658284195747813,0.02565321684079734,False,0.5263157894736842,False,False,7Networks_LH_SalVentAttn_FrOperIns_4,pIPS > LO
51,0.045925289502759516,0.04068368239524333,0.005241607107516186,0.005241607107516186,-0.004288764318794407,0.013704641608178225,False,0.6842105263157895,False,False,7Networks_LH_SalVentAttn_PFCl_1,pIPS > LO
52,0.05957730104656596,0.06500410342490986,-0.005426802378343906,0.005426802378343906,-0.014600802908994648,0.0023226237181868145,False,0.631578947368421,False,False,7Networks_LH_SalVentAttn_Med_1,LO > pIPS
53,0.07184933554871302,0.05190927719109153,0.01994005835762149,0.01994005835762149,0.004189445443549442,0.03171548222828852,True,0.9473684210526315,True,True,7Networks_LH_SalVentAttn_Med_2,pIPS > LO
54,0.07452612791798617,0.0706830233531563,0.0038431045648298773,0.0038431045648298773,-0.0062825653824563135,0.01654742719164412,False,0.3684210526315789,False,False,7Networks_LH_SalVentAttn_Med_3,pIPS > LO
55,0.02848258180739848,0.029525780284434165,-0.001043198477035684,0.001043198477035684,-0.009239298200822973,0.005116378129950076,False,0.3684210526315789,False,False,7Networks_LH_Limbic_OFC_1,LO > pIPS
56,0.019319482074168167,0.020333402986197097,-0.0010139209120289296,0.0010139209120289296,-0.005150696146455104,0.0028571276017158313,False,0.42105263157894735,False,False,7Networks_LH_Limbic_OFC_2,LO > pIPS
57,0.02358322779304887,0.024016066049960882,-0.0004328382569120104,0.0004328382569120104,-0.00624395421657123,0.008757848658072017,False,0.42105263157894735,False,False,7Networks_LH_Limbic_TempPole_1,LO > pIPS
58,0.024003526367443174,0.02882260731176326,-0.004819080944320087,0.004819080944320087,-0.00784760805361561,-0.0012956340735974326,True,0.8421052631578947,True,True,7Networks_LH_Limbic_TempPole_2,LO > pIPS
59,0.019268405868818884,0.021297978666169864,-0.0020295727973509807,0.0020295727973509807,-0.005965142073048474,0.0029242396854035767,False,0.6842105263157895,False,False,7Networks_LH_Limbic_TempPole_3,LO > pIPS
60,0.016260433562197966,0.01960357328827836,-0.003343139726080392,0.003343139726080392,-0.012973250559604682,0.003800641700907265,False,0.42105263157894735,False,False,7Networks_LH_Limbic_TempPole_4,LO > pIPS
61,0.052055268254327144,0.04560234740768608,0.006452920846641064,0.006452920846641064,-0.005441731514752304,0.018467581848074704,False,0.631578947368421,False,False,7Networks_LH_Cont_Par_1,pIPS > LO
62,0.09370573940931966,0.08814212481344216,0.005563614595877495,0.005563614595877495,-0.007833444905516357,0.018613608039327365,False,0.631578947368421,False,False,7Networks_LH_Cont_Par_2,pIPS > LO
63,0.08644214164661734,0.09241085903915136,-0.0059687173925340176,0.0059687173925340176,-0.021566963925541024,0.007983578724394508,False,0.47368421052631576,False,False,7Networks_LH_Cont_Par_3,LO > pIPS
64,0.052853686955610386,0.05450653823974885,-0.0016528512841384665,0.0016528512841384665,-0.010605820660528384,0.006165720658425827,False,0.3684210526315789,False,False,7Networks_LH_Cont_Temp_1,LO > pIPS
65,0.03616135875008216,0.0317876606591438,0.004373698090938363,0.004373698090938363,-0.002275957103426519,0.011379515195547262,False,0.631578947368421,False,False,7Networks_LH_Cont_OFC_1,pIPS > LO
66,0.025762080116883704,0.021754393390820997,0.004007686726062706,0.004007686726062706,-0.0017739325452375357,0.01159604444018394,False,0.5789473684210527,False,False,7Networks_LH_Cont_PFCl_1,pIPS > LO
67,0.04259750185117714,0.03821105093352104,0.004386450917656097,0.004386450917656097,-0.006500564534737924,0.0190886671005405,False,0.47368421052631576,False,False,7Networks_LH_Cont_PFCl_2,pIPS > LO
68,0.04533644939625734,0.039976531492644234,0.005359917903613107,0.005359917903613107,-0.0033355017627687477,0.016217348836117272,False,0.5789473684210527,False,False,7Networks_LH_Cont_PFCl_3,pIPS > LO
69,0.06790636053406879,0.07732440942996427,-0.009418048895895481,0.009418048895895481,-0.019426357766956486,0.0006691369081014059,False,0.7894736842105263,True,False,7Networks_LH_Cont_PFCl_4,LO > pIPS
70,0.08454635209943119,0.09831070841143005,-0.013764356311998863,0.013764356311998863,-0.027203844105334645,-0.0016593988690721316,True,0.7368421052631579,False,False,7Networks_LH_Cont_PFCl_5,LO > pIPS
71,0.1070617327564641,0.038908912683837116,0.06815282007262699,0.06815282007262699,0.052248927241338325,0.0863987712016464,True,1.0,True,True,7Networks_LH_Cont_pCun_1,pIPS > LO
72,0.06395703014966689,0.04136446189429415,0.022592568255372737,0.022592568255372737,0.009845415714785066,0.04203866064137973,True,0.8421052631578947,True,True,7Networks_LH_Cont_Cing_1,pIPS > LO
73,0.04096329550405866,0.04219673941598127,-0.0012334439119226076,0.0012334439119226076,-0.0046418960684126145,0.002372275392132761,False,0.5789473684210527,False,False,7Networks_LH_Cont_Cing_2,LO > pIPS
74,0.022203075966038006,0.023576565001061874,-0.0013734890350238678,0.0013734890350238678,-0.006226999220119691,0.004445971404952855,False,0.631578947368421,False,False,7Networks_LH_Default_Temp_1,LO > pIPS
75,0.031349182067635026,0.03678861664804189,-0.005439434580406861,0.005439434580406861,-0.012576176699152898,0.000713587188051618,False,0.5789473684210527,False,False,7Networks_LH_Default_Temp_2,LO > pIPS
76,0.04037502255768662,0.04114806424140146,-0.0007730416837148368,0.0007730416837148368,-0.011400799967936782,0.008567120508125393,False,0.42105263157894735,False,False,7Networks_LH_Default_Temp_3,LO > pIPS
77,0.05667287684780987,0.05819035317797802,-0.0015174763301681535,0.0015174763301681535,-0.010364114358334944,0.006300966775865828,False,0.42105263157894735,False,False,7Networks_LH_Default_Temp_4,LO > pIPS
78,0.0655100823527104,0.07007468844714917,-0.004564606094438775,0.004564606094438775,-0.013226386061624478,0.003779430640861387,False,0.5789473684210527,False,False,7Networks_LH_Default_Temp_5,LO > pIPS
79,0.09102628791802808,0.0693758897189247,0.021650398199103388,0.021650398199103388,0.0089373323233112,0.03597931445355674,True,0.6842105263157895,False,False,7Networks_LH_Default_Par_1,pIPS > LO
80,0.09588814497386154,0.0484548524806374,0.047433292493224144,0.047433292493224144,0.03547799489460885,0.05936688409726086,True,0.9473684210526315,True,True,7Networks_LH_Default_Par_2,pIPS > LO
81,0.04925374272524526,0.032244443280720396,0.017009299444524867,0.017009299444524867,0.0038451577475490544,0.03348504780963256,True,0.6842105263157895,False,False,7Networks_LH_Default_Par_3,pIPS > LO
82,0.06000713126635865,0.032643466501643785,0.027363664764714864,0.027363664764714864,0.0179856204844423,0.037931423782567045,True,1.0,True,True,7Networks_LH_Default_Par_4,pIPS > LO
83,0.03000789367299723,0.03230376178888898,-0.0022958681158917506,0.0022958681158917506,-0.007113197707191207,0.003010114326178532,False,0.631578947368421,False,False,7Networks_LH_Default_PFC_1,LO > pIPS
84,0.032486356849978235,0.02237049787991533,0.010115858970062903,0.010115858970062903,0.0029326107683836622,0.017959987974915603,True,0.6842105263157895,False,False,7Networks_LH_Default_PFC_2,pIPS > LO
85,0.02818373501864507,0.02893099237821604,-0.0007472573595709714,0.0007472573595709714,-0.006827524669566435,0.00690887724677419,False,0.6842105263157895,False,False,7Networks_LH_Default_PFC_3,LO > pIPS
86,0.026087892339809945,0.019255853748243106,0.006832038591566839,0.006832038591566839,0.0015192957840075626,0.014017738730916263,True,0.6842105263157895,False,False,7Networks_LH_Default_PFC_4,pIPS > LO
87,0.04163236933221158,0.036496463182725404,0.005135906149486176,0.005135906149486176,-0.005742188516121946,0.02074895298145221,False,0.47368421052631576,False,False,7Networks_LH_Default_PFC_5,pIPS > LO
88,0.027956009983379198,0.01464051959153853,0.013315490391840669,0.013315490391840669,0.0005852173598740535,0.031219225754581484,True,0.6842105263157895,False,False,7Networks_LH_Default_PFC_6,pIPS > LO
89,0.02317377424945957,0.022462415680485338,0.000711358568974231,0.000711358568974231,-0.005413994447046302,0.006733101178389531,False,0.3684210526315789,False,False,7Networks_LH_Default_PFC_7,pIPS > LO
90,0.03795257290384095,0.03889598479298385,-0.0009434118891428964,0.0009434118891428964,-0.005836474991673112,0.0041836271724222445,False,0.5263157894736842,False,False,7Networks_LH_Default_PFC_8,LO > pIPS
91,0.03610155165906211,0.032911390752384535,0.0031901609066775777,0.0031901609066775777,-0.003916670238341842,0.010109687000084177,False,0.5263157894736842,False,False,7Networks_LH_Default_PFC_9,pIPS > LO
92,0.05919515701795095,0.06438532377299118,-0.005190166755040228,0.005190166755040228,-0.012716008855127973,0.0025054831557147447,False,0.5789473684210527,False,False,7Networks_LH_Default_PFC_10,LO > pIPS
93,0.06423467348672841,0.05955531771637892,0.004679355770349496,0.004679355770349496,-0.0019358076449287585,0.01219652950469601,False,0.47368421052631576,False,False,7Networks_LH_Default_PFC_11,pIPS > LO
94,0.0591352560655459,0.039202472918029675,0.019932783147516224,0.019932783147516224,0.013055062045245184,0.0270838966678926,True,0.8947368421052632,True,True,7Networks_LH_Default_PFC_12,pIPS > LO
95,0.05972553875395342,0.053498640852539164,0.006226897901414258,0.006226897901414258,-0.004885212361420456,0.021862177563659626,False,0.42105263157894735,False,False,7Networks_LH_Default_PFC_13,pIPS > LO
96,0.09178078566726885,0.040772763402568864,0.05100802226469999,0.05100802226469999,0.03836899687180688,0.06405899496557572,True,1.0,True,True,7Networks_LH_Default_pCunPCC_1,pIPS > LO
97,0.0761787945612971,0.029678763221263102,0.046500031340034,0.046500031340034,0.02910290730329794,0.0712834215241999,True,1.0,True,True,7Networks_LH_Default_pCunPCC_2,pIPS > LO
98,0.06437013009072919,0.04823313486811362,0.016136995222615566,0.016136995222615566,0.008955945236314287,0.023407515248675882,True,0.8947368421052632,True,True,7Networks_LH_Default_pCunPCC_3,pIPS > LO
99,0.07696138312549967,0.044232237140501014,0.03272914598499866,0.03272914598499866,0.02277602224555602,0.044415109570591554,True,1.0,True,True,7Networks_LH_Default_pCunPCC_4,pIPS > LO
100,0.06713515216190565,0.06371479501065455,0.003420357151251094,0.003420357151251094,-0.006454809473239278,0.01225992197562989,False,0.631578947368421,False,False,7Networks_LH_Default_PHC_1,pIPS > LO
101,0.06900264401184886,0.09653752473624129,-0.027534880724392433,0.027534880724392433,-0.03803513527014537,-0.018778992655049807,True,1.0,True,True,7Networks_RH_Vis_1,LO > pIPS
102,0.08434192267687697,0.08677530916113603,-0.002433386484259059,0.002433386484259059,-0.017656047343227416,0.009553052837911392,False,0.3684210526315789,False,False,7Networks_RH_Vis_2,LO > pIPS
103,0.11746021634653996,0.14863832255727366,-0.031178106210733705,0.031178106210733705,-0.045946418895925344,-0.01689391636142605,True,0.7894736842105263,True,True,7Networks_RH_Vis_3,LO > pIPS
104,0.08263796783591572,0.03389585184815683,0.04874211598775889,0.04874211598775889,0.028994407434947786,0.06524225329294016,True,0.9473684210526315,True,True,7Networks_RH_Vis_4,pIPS > LO
105,0.11637546827918605,0.17878461746793045,-0.062409149188744406,0.062409149188744406,-0.07475004941225051,-0.05014771054449833,True,1.0,True,True,7Networks_RH_Vis_5,LO > pIPS
106,0.06053578186976282,0.06900302114847459,-0.00846723927871177,0.00846723927871177,-0.022927317736474315,0.006443641226934758,False,0.631578947368421,False,False,7Networks_RH_Vis_6,LO > pIPS
107,0.07203915685807404,0.044250361155718565,0.02778879570235547,0.02778879570235547,0.015259568728996734,0.03905412239377926,True,0.8947368421052632,True,True,7Networks_RH_Vis_7,pIPS > LO
108,0.06495811025563039,0.12209803978667448,-0.05713992953104409,0.05713992953104409,-0.06582473601263604,-0.04738980122155659,True,1.0,True,True,7Networks_RH_Vis_8,LO > pIPS
109,0.09245018344862681,0.016464262024352427,0.07598592142427438,0.07598592142427438,0.058272882672884545,0.09396628434953623,True,0.9473684210526315,True,True,7Networks_RH_Vis_9,pIPS > LO
110,0.08726289299757857,0.05400830661681922,0.03325458638075935,0.03325458638075935,0.021335881914159187,0.04554536171306513,True,0.8947368421052632,True,True,7Networks_RH_Vis_10,pIPS > LO
111,0.12703022498049235,0.14749248815994515,-0.020462263179452794,0.020462263179452794,-0.03538082475332838,-0.004453768659579156,True,0.6842105263157895,False,False,7Networks_RH_Vis_11,LO > pIPS
112,0.08888426692666192,0.023762837493498074,0.06512142943316385,0.06512142943316385,0.050002529369177005,0.07930228861146851,True,1.0,True,True,7Networks_RH_Vis_12,pIPS > LO
113,0.10269790319235701,0.028090674185047026,0.07460722900730998,0.07460722900730998,0.05633283476712868,0.09531481582548858,True,1.0,True,True,7Networks_RH_Vis_13,pIPS > LO
114,0.08383704520958035,0.014498223624143162,0.0693388215854372,0.0693388215854372,0.055894145490234026,0.08177144386756577,True,0.9473684210526315,True,True,7Networks_RH_Vis_14,pIPS > LO
115,0.1608524102913706,0.11880615873164252,0.042046251559728076,0.042046251559728076,0.023381601060789674,0.0626171172743565,True,0.7894736842105263,True,True,7Networks_RH_Vis_15,pIPS > LO
116,0.05349723185951773,0.042062076445865,0.011435155413652726,0.011435155413652726,0.0029119769773004816,0.02113051701361607,True,0.631578947368421,False,False,7Networks_RH_SomMot_1,pIPS > LO
117,0.06784699065610766,0.05929643342173413,0.008550557234373535,0.008550557234373535,-0.0016060048450813882,0.018941601185667255,False,0.631578947368421,False,False,7Networks_RH_SomMot_2,pIPS > LO
118,0.05128659412730485,0.03576792002116379,0.015518674106141064,0.015518674106141064,0.0020996075765364595,0.03574261397466454,True,0.7368421052631579,False,False,7Networks_RH_SomMot_3,pIPS > LO
119,0.062270375679394134,0.045051296302852664,0.01721907937654147,0.01721907937654147,0.0046317727363202775,0.03557354153017513,True,0.7368421052631579,False,False,7Networks_RH_SomMot_4,pIPS > LO
120,0.05487887278860925,0.03386452769566523,0.021014345092944017,0.021014345092944017,0.008417303712830244,0.03649091307398568,True,0.7894736842105263,True,True,7Networks_RH_SomMot_5,pIPS > LO
121,0.05813654115129458,0.03721475022795953,0.02092179092333505,0.02092179092333505,0.00813751738628765,0.03738712267643821,True,0.7894736842105263,True,True,7Networks_RH_SomMot_6,pIPS > LO
122,0.06037090517776577,0.05459053059549708,0.0057803745822686894,0.0057803745822686894,-0.0014045961715869247,0.01310316228160732,False,0.5263157894736842,False,False,7Networks_RH_SomMot_7,pIPS > LO
123,0.060028359784107456,0.050653076234371645,0.00937528354973581,0.00937528354973581,-0.006880236220068152,0.021576087512259715,False,0.7894736842105263,True,False,7Networks_RH_SomMot_8,pIPS > LO
124,0.07390621191772975,0.06985945480042383,0.004046757117305927,0.004046757117305927,-0.005684869327141266,0.013708956827605624,False,0.631578947368421,False,False,7Networks_RH_SomMot_9,pIPS > LO
125,0.07362245278138864,0.0680478835772527,0.005574569204135946,0.005574569204135946,-0.005447327867640475,0.014958900605377395,False,0.6842105263157895,False,False,7Networks_RH_SomMot_10,pIPS > LO
126,0.06686894194296512,0.05946849591686929,0.007400446026095832,0.007400446026095832,-0.0002719013577964276,0.01461043902963865,False,0.7368421052631579,False,False,7Networks_RH_SomMot_11,pIPS > LO
127,0.0849661895711171,0.0730907111673763,0.0118754784037408,0.0118754784037408,0.0034197238445478166,0.02052385009776213,True,0.631578947368421,False,False,7Networks_RH_SomMot_12,pIPS > LO
128,0.10533099699961512,0.08389565446659138,0.021435342533023746,0.021435342533023746,0.012208049165967268,0.031482661388030166,True,0.8947368421052632,True,True,7Networks_RH_SomMot_13,pIPS > LO
129,0.08521055234105963,0.07036359617976766,0.014846956161291974,0.014846956161291974,0.0045406328342658935,0.02543183314172844,True,0.6842105263157895,False,False,7Networks_RH_SomMot_14,pIPS > LO
130,0.09917869526696832,0.07704550802315537,0.022133187243812955,0.022133187243812955,0.012479642531099287,0.03268919331511777,True,0.8947368421052632,True,True,7Networks_RH_SomMot_15,pIPS > LO
131,0.06550388175405954,0.051054224371910095,0.014449657382149442,0.014449657382149442,0.005364130488841944,0.026165667803663934,True,0.7894736842105263,True,True,7Networks_RH_SomMot_16,pIPS > LO
132,0.07529236085859961,0.05478002687327956,0.02051233398532005,0.02051233398532005,0.012320296585523091,0.029110821747637683,True,0.8421052631578947,True,True,7Networks_RH_SomMot_17,pIPS > LO
133,0.07771180423074647,0.06599825811817457,0.011713546112571901,0.011713546112571901,0.0015971595654264102,0.02263836080674081,True,0.5789473684210527,False,False,7Networks_RH_SomMot_18,pIPS > LO
134,0.08519799541682005,0.06835925789844048,0.016838737518379568,0.016838737518379568,0.006392666225713726,0.029019394423812617,True,0.6842105263157895,False,False,7Networks_RH_SomMot_19,pIPS > LO
135,0.10267949496444903,0.1397828122502879,-0.03710331728583888,0.03710331728583888,-0.053406834533732184,-0.022649374908130446,True,0.8947368421052632,True,True,7Networks_RH_DorsAttn_Post_1,LO > pIPS
136,0.1172565390404902,0.12209951534475151,-0.004842976304261309,0.004842976304261309,-0.014067778888305564,0.005029813719815334,False,0.631578947368421,False,False,7Networks_RH_DorsAttn_Post_2,LO > pIPS
137,0.06571946008817146,0.05443257505172178,0.011286885036449687,0.011286885036449687,0.0020152293562300905,0.0198604835773279,True,0.7368421052631579,False,False,7Networks_RH_DorsAttn_Post_3,pIPS > LO
138,0.08297844383081324,0.08488475874458488,-0.0019063149137716479,0.0019063149137716479,-0.015509920687365687,0.010957975678243914,False,0.21052631578947367,False,False,7Networks_RH_DorsAttn_Post_4,LO > pIPS
139,0.09291466992152364,0.09228772434749101,0.0006269455740326307,0.0006269455740326307,-0.015926886977333753,0.014732579117346756,False,0.2631578947368421,False,False,7Networks_RH_DorsAttn_Post_5,pIPS > LO
140,0.10542203721247222,0.06864642616557448,0.036775611046897735,0.036775611046897735,0.021736487253618087,0.0512599795934205,True,0.8947368421052632,True,True,7Networks_RH_DorsAttn_Post_6,pIPS > LO
141,0.1275382957568294,0.1481129452586174,-0.020574649501788,0.020574649501788,-0.037253964290414984,-0.004513095574159393,True,0.7368421052631579,False,False,7Networks_RH_DorsAttn_Post_7,LO > pIPS
142,0.14803827710841833,0.13797952077890696,0.010058756329511365,0.010058756329511365,-0.0078015203930829665,0.026938727086311884,False,0.6842105263157895,False,False,7Networks_RH_DorsAttn_Post_8,pIPS > LO
143,0.10489042946382572,0.06509458013859235,0.039795849325233376,0.039795849325233376,0.026246925036569967,0.05247409120692234,True,0.8947368421052632,True,True,7Networks_RH_DorsAttn_Post_9,pIPS > LO
144,0.09553978111790984,0.06468569558407915,0.03085408553383069,0.03085408553383069,0.02198145439247846,0.03932542053394411,True,0.8947368421052632,True,True,7Networks_RH_DorsAttn_Post_10,pIPS > LO
145,0.08328952365799953,0.0759259226584905,0.007363600999509029,0.007363600999509029,-0.0006819201792639354,0.01551444871400139,False,0.631578947368421,False,False,7Networks_RH_DorsAttn_FEF_1,pIPS > LO
146,0.08973358257820732,0.07512259630388335,0.014610986274323973,0.014610986274323973,0.0032870363738191806,0.02623227320023273,True,0.7368421052631579,False,False,7Networks_RH_DorsAttn_FEF_2,pIPS > LO
147,0.05832576153701857,0.059977161943128236,-0.001651400406109664,0.001651400406109664,-0.01154208187945187,0.010414045892263713,False,0.5789473684210527,False,False,7Networks_RH_DorsAttn_PrCv_1,LO > pIPS
148,0.08234106254224714,0.07705777224251315,0.0052832902997339976,0.0052832902997339976,-0.006076055681823117,0.01692219600203986,False,0.631578947368421,False,False,7Networks_RH_SalVentAttn_TempOccPar_1,pIPS > LO
149,0.07369953237081829,0.06607126983764924,0.007628262533169047,0.007628262533169047,-0.004827124583779977,0.022506897539929724,False,0.631578947368421,False,False,7Networks_RH_SalVentAttn_TempOccPar_2,pIPS > LO
150,0.06854497224680688,0.05356537607057314,0.014979596176233734,0.014979596176233734,0.0037122763141891634,0.028595323999118256,True,0.5789473684210527,False,False,7Networks_RH_SalVentAttn_TempOccPar_3,pIPS > LO
151,0.07106121962791995,0.0772626186279874,-0.006201399000067456,0.006201399000067456,-0.018764256877138424,0.004784075249182557,False,0.5789473684210527,False,False,7Networks_RH_SalVentAttn_PrC_1,LO > pIPS
152,0.028104503498118567,0.02939710795487228,-0.001292604456753714,0.001292604456753714,-0.009730451844332397,0.004998090317454432,False,0.3684210526315789,False,False,7Networks_RH_SalVentAttn_FrOperIns_1,LO > pIPS
153,0.03986875706744429,0.032767019271360415,0.007101737796083876,0.007101737796083876,0.002396942203325261,0.01193700308059832,True,0.631578947368421,False,False,7Networks_RH_SalVentAttn_FrOperIns_2,pIPS > LO
154,0.0447257136877038,0.04906519082080769,-0.00433947713310389,0.00433947713310389,-0.018186317007731354,0.01571900860443218,False,0.6842105263157895,False,False,7Networks_RH_SalVentAttn_FrOperIns_3,LO > pIPS
155,0.04583966527379265,0.03420008395455385,0.011639581319238798,0.011639581319238798,0.0005627998959665221,0.02688709211652165,True,0.6842105263157895,False,False,7Networks_RH_SalVentAttn_FrOperIns_4,pIPS > LO
156,0.05754422180746731,0.05890774246501295,-0.001363520657545643,0.001363520657545643,-0.011149122911554418,0.0065561584123459225,False,0.42105263157894735,False,False,7Networks_RH_SalVentAttn_Med_1,LO > pIPS
157,0.075966573210041,0.05259227686512627,0.023374296344914725,0.023374296344914725,0.007183505665498643,0.03516019387231943,True,0.9473684210526315,True,True,7Networks_RH_SalVentAttn_Med_2,pIPS > LO
158,0.07160777784883976,0.06772469349303528,0.003883084355804478,0.003883084355804478,-0.008342893779473866,0.019060156925115736,False,0.47368421052631576,False,False,7Networks_RH_SalVentAttn_Med_3,pIPS > LO
159,0.01770579447896269,0.01891946319588705,-0.0012136687169243612,0.0012136687169243612,-0.0054355984570544314,0.0025469825491247905,False,0.42105263157894735,False,False,7Networks_RH_Limbic_OFC_1,LO > pIPS
160,0.028415833624373926,0.03272073011306163,-0.004304896488687707,0.004304896488687707,-0.013301928377538722,0.0022739019759587535,False,0.5263157894736842,False,False,7Networks_RH_Limbic_OFC_2,LO > pIPS
161,0.020448989945610885,0.018475403405701446,0.0019735865399094395,0.0019735865399094395,-0.0025855523046247027,0.00775892219765075,False,0.42105263157894735,False,False,7Networks_RH_Limbic_OFC_3,pIPS > LO
162,0.019128562678049906,0.0221892931792689,-0.0030607305012189945,0.0030607305012189945,-0.007630730247298122,0.0035866703666550498,False,0.8421052631578947,True,False,7Networks_RH_Limbic_TempPole_1,LO > pIPS
163,0.01931338635346803,0.022595463614714772,-0.003282077261246741,0.003282077261246741,-0.007119322731006451,0.0015842005373039997,False,0.8421052631578947,True,False,7Networks_RH_Limbic_TempPole_2,LO > pIPS
164,0.02991602670303301,0.031126824599739752,-0.0012107978967067431,0.0012107978967067431,-0.007073099704116191,0.0074558141733225645,False,0.7894736842105263,True,False,7Networks_RH_Limbic_TempPole_3,LO > pIPS
165,0.0595877188453941,0.04765505794631807,0.011932660899076027,0.011932660899076027,0.0044253559538016286,0.018865748470355007,True,0.7894736842105263,True,True,7Networks_RH_Cont_Par_1,pIPS > LO
166,0.06766496508039142,0.06747820189124659,0.00018676318914483125,0.00018676318914483125,-0.013461706257964437,0.011640876809772296,False,0.05263157894736842,False,False,7Networks_RH_Cont_Par_2,pIPS > LO
167,0.11351984614310295,0.10812954251703463,0.005390303626068321,0.005390303626068321,-0.008542129130862454,0.019382421020418403,False,0.5789473684210527,False,False,7Networks_RH_Cont_Par_3,pIPS > LO
168,0.0595444679064186,0.06578820708550905,-0.006243739179090449,0.006243739179090449,-0.016178434900939467,0.0031426815953301684,False,0.5789473684210527,False,False,7Networks_RH_Cont_Temp_1,LO > pIPS
169,0.03946052795570148,0.04282703074185472,-0.00336650278615324,0.00336650278615324,-0.008195985935775465,0.0013612596158820546,False,0.5789473684210527,False,False,7Networks_RH_Cont_PFCv_1,LO > pIPS
170,0.0313570324184471,0.034350448680159296,-0.0029934162617121923,0.0029934162617121923,-0.007603199893951807,0.0014006266983127907,False,0.5789473684210527,False,False,7Networks_RH_Cont_PFCl_1,LO > pIPS
171,0.03655618657112906,0.03690151551640347,-0.0003453289452744132,0.0003453289452744132,-0.009877847377701022,0.012753761534603609,False,0.10526315789473684,False,False,7Networks_RH_Cont_PFCl_2,LO > pIPS
172,0.040212676566290226,0.039156600024159015,0.001056076542131211,0.001056076542131211,-0.0074149637201212735,0.012586109477438406,False,0.3684210526315789,False,False,7Networks_RH_Cont_PFCl_3,pIPS > LO
173,0.06997628255110037,0.08645897191998206,-0.016482689368881684,0.016482689368881684,-0.025093749422874113,-0.008343072688991315,True,0.7894736842105263,True,True,7Networks_RH_Cont_PFCl_4,LO > pIPS
174,0.04115956168817846,0.04339527115715962,-0.002235709468981155,0.002235709468981155,-0.010354143801439362,0.005073171453305374,False,0.3684210526315789,False,False,7Networks_RH_Cont_PFCl_5,LO > pIPS
175,0.04464013389262714,0.047070237023657875,-0.0024301031310307378,0.0024301031310307378,-0.01283729624272766,0.006700630584045464,False,0.42105263157894735,False,False,7Networks_RH_Cont_PFCl_6,LO > pIPS
176,0.07710529942261546,0.08356167954441748,-0.0064563801218020245,0.0064563801218020245,-0.015376106490332032,0.002206442510022918,False,0.5789473684210527,False,False,7Networks_RH_Cont_PFCl_7,LO > pIPS
177,0.11190153491732321,0.045238300324662736,0.06666323459266048,0.06666323459266048,0.05023089889804588,0.08717274269040085,True,1.0,True,True,7Networks_RH_Cont_pCun_1,pIPS > LO
178,0.06279869408248678,0.047784905782655665,0.015013788299831118,0.015013788299831118,0.005781862670616982,0.027058832494443956,True,0.8421052631578947,True,True,7Networks_RH_Cont_Cing_1,pIPS > LO
179,0.03876799020279003,0.04007050757737536,-0.001302517374585331,0.001302517374585331,-0.005557996888743025,0.003092069597914815,False,0.5789473684210527,False,False,7Networks_RH_Cont_Cing_2,LO > pIPS
180,0.04312285437787834,0.04955881126347537,-0.006435956885597026,0.006435956885597026,-0.012326714707428191,-0.001134115525545848,True,0.6842105263157895,False,False,7Networks_RH_Cont_PFCmp_1,LO > pIPS
181,0.059843197317892,0.06097385904898769,-0.001130661731095689,0.001130661731095689,-0.00993782700725684,0.009561828069241822,False,0.631578947368421,False,False,7Networks_RH_Cont_PFCmp_2,LO > pIPS
182,0.09700702915066167,0.05670713603275975,0.04029989311790192,0.04029989311790192,0.029767757784085046,0.051443206554272605,True,1.0,True,True,7Networks_RH_Default_Par_1,pIPS > LO
183,0.06600239013909902,0.05036562338079277,0.015636766758306248,0.015636766758306248,0.00610107893375435,0.02866780311665742,True,0.7894736842105263,True,True,7Networks_RH_Default_Par_2,pIPS > LO
184,0.06455073780135105,0.05550737166777253,0.00904336613357852,0.00904336613357852,-0.0008275149953796636,0.0196838219018996,False,0.5789473684210527,False,False,7Networks_RH_Default_Par_3,pIPS > LO
185,0.020074730665471992,0.02386027010843942,-0.0037855394429674276,0.0037855394429674276,-0.006868280293910126,-0.0008067539586734604,True,0.7368421052631579,False,False,7Networks_RH_Default_Temp_1,LO > pIPS
186,0.0350705190120559,0.04110160071745907,-0.006031081705403174,0.006031081705403174,-0.014863532437869397,0.0006591676504620759,False,0.5789473684210527,False,False,7Networks_RH_Default_Temp_2,LO > pIPS
187,0.04963081756508664,0.05292271937880861,-0.0032919018137219716,0.0032919018137219716,-0.012251450239043489,0.004147414111311698,False,0.5263157894736842,False,False,7Networks_RH_Default_Temp_3,LO > pIPS
188,0.06317959359454874,0.07421483790599986,-0.011035244311451128,0.011035244311451128,-0.0222390905316723,-0.0009399421090309278,True,0.631578947368421,False,False,7Networks_RH_Default_Temp_4,LO > pIPS
189,0.06208782760720504,0.06696213321074058,-0.004874305603535543,0.004874305603535543,-0.010963234729378633,0.0017112168912334581,False,0.6842105263157895,False,False,7Networks_RH_Default_Temp_5,LO > pIPS
190,0.03999894073134974,0.042316550192864316,-0.002317609461514575,0.002317609461514575,-0.009880687994882462,0.008334133395385966,False,0.7368421052631579,False,False,7Networks_RH_Default_PFCv_1,LO > pIPS
191,0.030053362250328064,0.025061046202225906,0.004992316048102158,0.004992316048102158,0.0008301213205988091,0.009011865026734183,True,0.7368421052631579,False,False,7Networks_RH_Default_PFCdPFCm_1,pIPS > LO
192,0.026545642815395502,0.012863382819647851,0.013682259995747651,0.013682259995747651,0.0019845383067149673,0.03055234325970798,True,0.6842105263157895,False,False,7Networks_RH_Default_PFCdPFCm_2,pIPS > LO
193,0.02401623562419493,0.01660259351085283,0.007413642113342098,0.007413642113342098,-0.0025230371004191076,0.022482948724523565,False,0.42105263157894735,False,False,7Networks_RH_Default_PFCdPFCm_3,pIPS > LO
194,0.022923685928904695,0.02312092948704958,-0.0001972435581448842,0.0001972435581448842,-0.005096134881636027,0.004306329636050285,False,0.15789473684210525,False,False,7Networks_RH_Default_PFCdPFCm_4,LO > pIPS
195,0.03498642613474084,0.031316657991785755,0.003669768142955082,0.003669768142955082,-0.002269634338230582,0.009500354071037448,False,0.5263157894736842,False,False,7Networks_RH_Default_PFCdPFCm_5,pIPS > LO
196,0.05688098814540641,0.047851756959540866,0.009029231185865544,0.009029231185865544,0.002027203891683662,0.01564545644367555,True,0.6842105263157895,False,False,7Networks_RH_Default_PFCdPFCm_6,pIPS > LO
197,0.06141539966981662,0.04616270096678483,0.015252698703031795,0.015252698703031795,0.007770486584692999,0.023143902816809704,True,0.7368421052631579,False,False,7Networks_RH_Default_PFCdPFCm_7,pIPS > LO
198,0.10050780267307632,0.04558152428485061,0.05492627838822572,0.05492627838822572,0.04070436504399895,0.07009262472366619,True,0.9473684210526315,True,True,7Networks_RH_Default_pCunPCC_1,pIPS > LO
199,0.07924233014254194,0.04519242279868769,0.03404990734385425,0.03404990734385425,0.019658512567280257,0.05390605842909088,True,0.9473684210526315,True,True,7Networks_RH_Default_pCunPCC_2,pIPS > LO
200,0.09146168587827369,0.06324465638700578,0.028217029491267906,0.028217029491267906,0.016014085623120136,0.04108710469935384,True,0.8421052631578947,True,True,7Networks_RH_Default_pCunPCC_3,pIPS > LO
