subject,index,task,roi,hemisphere,x,y,z
sub-025,0,loc,LO,left,-40.02711964,-57.186058,-0.569111611
sub-025,0,loc,LO,right,39.86771407,-51.4594189,-0.640217791
sub-025,0,loc,PFS,left,-28.78787446,-25.33659088,4.359418497
sub-025,0,loc,PFS,right,33.42828299,-29.45518169,-7.224073843
sub-025,0,loc,aIPS,left,-20.34395198,-58.21092668,37.66073985
sub-025,0,loc,aIPS,right,29.8020261,-60.82701569,29.6901267
sub-025,0,loc,pIPS,left,-44.22365047,-59.7575671,27.44474971
sub-025,0,loc,pIPS,right,43.71457877,-52.49810561,19.00978781
sub-025,1,loc,LO,left,-35.31151826,-47.44837876,6.706920283
sub-025,1,loc,LO,right,42.94056975,-53.16523325,-4.334501565
sub-025,1,loc,PFS,left,-30.78918703,-21.28854177,-5.670937181
sub-025,1,loc,PFS,right,35.98808291,-11.34086161,-3.714259541
sub-025,1,loc,aIPS,left,-19.34424935,-58.18833639,37.6697848
sub-025,1,loc,aIPS,right,11.21803221,-48.40936908,62.63608853
sub-025,1,loc,pIPS,left,-19.34424935,-58.18833639,37.6697848
sub-025,1,loc,pIPS,right,43.69423455,-51.5182515,18.81111219
sub-025,2,loc,LO,left,-35.31151826,-47.44837876,6.706920283
sub-025,2,loc,LO,right,39.86771407,-51.4594189,-0.640217791
sub-025,2,loc,PFS,left,-28.80821868,-24.35673678,4.16074288
sub-025,2,loc,PFS,right,33.42828299,-29.45518169,-7.224073843
sub-025,2,loc,aIPS,left,-19.34424935,-58.18833639,37.6697848
sub-025,2,loc,aIPS,right,11.21803221,-48.40936908,62.63608853
sub-025,2,loc,pIPS,left,-36.29278386,-58.58468097,32.41722716
sub-025,2,loc,pIPS,right,43.71457877,-52.49810561,19.00978781
sub-038,0,loc,LO,left,-42.529571667313576,-44.88887111097574,3.968964576721192
sub-038,0,loc,LO,right,46.9403108432889,-45.91468731686473,1.7104294300079346
sub-038,0,loc,PFS,left,-35.83039941638708,-24.81423218920827,-3.655342012643814
sub-038,0,loc,PFS,right,38.93785325437784,-21.71069647371769,1.3532306998968124
sub-038,0,loc,aIPS,left,-22.29640637338161,-53.949145063757896,36.97701272368431
sub-038,0,loc,aIPS,right,30.076652742922303,-36.03000589460135,52.66050608456135
sub-038,0,loc,pIPS,left,-22.29640637338161,-53.949145063757896,36.97701272368431
sub-038,0,loc,pIPS,right,20.02320636808872,-40.751847982406616,55.92127123475075
sub-038,1,loc,LO,left,-43.58113184571266,-42.97105263546109,3.5039965957403183
sub-038,1,loc,LO,right,46.912985771894455,-44.93508784100413,1.5113359242677689
sub-038,1,loc,PFS,left,-43.229482397437096,-38.47002923861146,-4.534481510519981
sub-038,1,loc,PFS,right,37.9136181473732,-20.772477474063635,1.087356224656105
sub-038,1,loc,aIPS,left,-23.59863380342722,-57.70860281214118,43.771913915872574
sub-038,1,loc,aIPS,right,30.076652742922303,-36.03000589460135,52.66050608456135
sub-038,1,loc,pIPS,left,-23.59863380342722,-57.70860281214118,43.771913915872574
sub-038,1,loc,pIPS,right,32.995948761701584,-52.01781053841114,48.93655353784561
sub-038,2,loc,LO,left,-46.9711968973279,-47.451946426182985,-3.0097638368606567
sub-038,2,loc,LO,right,40.51690787822008,-44.98305006697774,7.1759582459926605
sub-038,2,loc,PFS,left,-40.41339161247015,-36.97298163175583,-2.577827230095864
sub-038,2,loc,PFS,right,38.93785325437784,-21.71069647371769,1.3532306998968124
sub-038,2,loc,aIPS,left,-23.55230174958706,-56.92565668746829,42.59511797130108
sub-038,2,loc,aIPS,right,33.92529672384262,-38.21332236379385,56.458017796278
sub-038,2,loc,pIPS,left,-23.55230174958706,-56.92565668746829,42.59511797130108
sub-038,2,loc,pIPS,right,30.75842608511448,-59.59277563169599,42.109152153134346
sub-057,0,loc,LO,left,-47.53587982803583,-43.94302947074175,-12.316108968108892
sub-057,0,loc,LO,right,39.91514490172267,-37.21643041819334,2.5195863731205463
sub-057,0,loc,PFS,left,-36.63672298192978,-19.461628533899784,-10.34891863539815
sub-057,0,loc,PFS,right,45.761909417808056,-25.76966342329979,-11.183952070772648
sub-057,0,loc,aIPS,left,-24.312653727829456,-52.578844882547855,35.62245832756162
sub-057,0,loc,aIPS,right,34.351162135601044,-53.44956524670124,13.221339538693428
sub-057,0,loc,pIPS,left,-24.312653727829456,-52.578844882547855,35.62245832756162
sub-057,0,loc,pIPS,right,34.351162135601044,-53.44956524670124,13.221339538693428
sub-057,1,loc,LO,left,-47.572814989835024,-42.96910888701677,-12.539971437305212
sub-057,1,loc,LO,right,39.87820973992348,-36.242509834468365,2.2957239039242268
sub-057,1,loc,PFS,left,-36.63672298192978,-19.461628533899784,-10.34891863539815
sub-057,1,loc,PFS,right,45.761909417808056,-25.76966342329979,-11.183952070772648
sub-057,1,loc,aIPS,left,-23.11970430240035,-59.65865143761039,40.36093991436064
sub-057,1,loc,aIPS,right,27.424916740506887,-42.4399576112628,30.99254522845149
sub-057,1,loc,pIPS,left,-23.11970430240035,-59.65865143761039,40.36093991436064
sub-057,1,loc,pIPS,right,27.424916740506887,-42.4399576112628,30.99254522845149
sub-057,2,loc,LO,left,-47.64351042732597,-41.77251692861319,-11.789525117725134
sub-057,2,loc,LO,right,38.87946078181267,-36.2860538251698,2.271068437024951
sub-057,2,loc,PFS,left,-36.63672298192978,-19.461628533899784,-10.34891863539815
sub-057,2,loc,PFS,right,29.08333289995789,-8.713125392794609,-14.633655197918417
sub-057,2,loc,aIPS,left,-24.282068338245157,-52.0502670481801,33.4499782808125
sub-057,2,loc,aIPS,right,27.27717609331012,-38.544275276362896,30.09709535166621
sub-057,2,loc,pIPS,left,-24.282068338245157,-52.0502670481801,33.4499782808125
sub-057,2,loc,pIPS,right,27.27717609331012,-38.544275276362896,30.09709535166621
sub-059,0,loc,LO,left,-26.4312087520957,-58.14581426605582,-14.119357697665691
sub-059,0,loc,LO,right,42.24804126098752,-34.91340954601765,-23.577642053365707
sub-059,0,loc,PFS,left,-28.456572350114584,-25.92424134165049,-23.26638652384281
sub-059,0,loc,PFS,right,33.43786578252912,-19.21692717075348,-23.62037804722786
sub-059,0,loc,aIPS,left,-18.162124440073967,-64.75650223717093,18.267705969512463
sub-059,0,loc,aIPS,right,34.240937154740095,-61.989413026720285,12.585553087294102
sub-059,0,loc,pIPS,left,-18.162124440073967,-64.75650223717093,18.267705969512463
sub-059,0,loc,pIPS,right,41.61890911310911,-57.49046229571104,3.623108580708504
sub-059,1,loc,LO,left,-26.4312087520957,-58.14581426605582,-14.119357697665691
sub-059,1,loc,LO,right,42.56577256694436,-46.57365567237139,-19.462097734212875
sub-059,1,loc,PFS,left,-29.00079122930765,-22.391734205186367,-17.589660614728928
sub-059,1,loc,PFS,right,33.43786578252912,-19.21692717075348,-23.62037804722786
sub-059,1,loc,aIPS,left,-12.63227790594101,-60.11287166550756,22.24989352375269
sub-059,1,loc,aIPS,right,34.240937154740095,-61.989413026720285,12.585553087294102
sub-059,1,loc,pIPS,left,-15.78079892322421,-66.10858663544059,13.524163894355295
sub-059,1,loc,pIPS,right,34.240937154740095,-61.989413026720285,12.585553087294102
sub-059,2,loc,LO,left,-26.4312087520957,-58.14581426605582,-14.119357697665691
sub-059,2,loc,LO,right,42.56577256694436,-46.57365567237139,-19.462097734212875
sub-059,2,loc,PFS,left,-29.00079122930765,-22.391734205186367,-17.589660614728928
sub-059,2,loc,PFS,right,33.43786578252912,-19.21692717075348,-23.62037804722786
sub-059,2,loc,aIPS,left,-18.11843253299594,-65.75105777010322,18.36231199651957
sub-059,2,loc,aIPS,right,29.52110885828733,-57.90654494613409,4.836125239729881
sub-059,2,loc,pIPS,left,-18.11843253299594,-65.75105777010322,18.36231199651957
sub-059,2,loc,pIPS,right,41.61890911310911,-57.49046229571104,3.623108580708504
sub-064,0,loc,LO,left,-37.350249998271465,-44.40171155706048,-11.403185985982418
sub-064,0,loc,LO,right,44.26776161417365,-45.89676889404655,1.1740884110331535
sub-064,0,loc,PFS,left,-41.69506445527077,-38.33958863094449,-10.792393498122692
sub-064,0,loc,PFS,right,39.28237931057811,-18.015207570046183,-6.491697914898396
sub-064,0,loc,aIPS,left,-31.28429725766182,-56.391539219766855,36.140976913273335
sub-064,0,loc,aIPS,right,32.46811908110976,-44.34066230431199,32.77069867402315
sub-064,0,loc,pIPS,left,-39.67941596731544,-65.10758714005351,13.812714003026484
sub-064,0,loc,pIPS,right,43.516430139541626,-53.14088233932853,21.885396979749203
sub-064,1,loc,LO,left,-37.350249998271465,-44.40171155706048,-11.403185985982418
sub-064,1,loc,LO,right,46.30103627219796,-46.77875920012593,1.4704687669873238
sub-064,1,loc,PFS,left,-39.63793181627989,-31.511806409806013,-18.082766957581043
sub-064,1,loc,PFS,right,39.2204788774252,-17.828441124409437,-5.511245675384998
sub-064,1,loc,aIPS,left,-26.035174027085304,-51.28293154761195,45.698613457381725
sub-064,1,loc,aIPS,right,18.674274638295174,-50.267024360597134,52.40755511820316
sub-064,1,loc,pIPS,left,-26.035174027085304,-51.28293154761195,45.698613457381725
sub-064,1,loc,pIPS,right,18.674274638295174,-50.267024360597134,52.40755511820316
sub-064,2,loc,LO,left,-37.28834956511855,-44.58847800269723,-12.383638225495815
sub-064,2,loc,LO,right,38.72458485886455,-37.54838939011097,3.313588470220566
sub-064,2,loc,PFS,left,-39.90143886953592,-35.90458897873759,-9.103122122585772
sub-064,2,loc,PFS,right,39.2204788774252,-17.828441124409437,-5.511245675384998
sub-064,2,loc,aIPS,left,-31.28429725766182,-56.391539219766855,36.140976913273335
sub-064,2,loc,aIPS,right,19.594371795654297,-48.25513862445951,52.08240074664354
sub-064,2,loc,pIPS,left,-37.98630688339472,-61.504668686538935,16.29309979826212
sub-064,2,loc,pIPS,right,42.821223966777325,-49.77883315086365,13.04156869649887
sub-067,0,loc,LO,left,-46.438043013215065,-50.099598187953234,-7.334560960531235
sub-067,0,loc,LO,right,48.60346166044474,-48.90802245028317,-6.56175397336483
sub-067,0,loc,PFS,left,-44.14891041070223,-42.175636909902096,-13.813038289546968
sub-067,0,loc,PFS,right,34.06587556749582,-38.64610551670194,-18.90473887324333
sub-067,0,loc,aIPS,left,-28.255057975649837,-59.70781877078116,20.216434195637703
sub-067,0,loc,aIPS,right,25.969685658812523,-48.80196041427553,19.37462620437145
sub-067,0,loc,pIPS,left,-28.255057975649837,-59.70781877078116,20.216434195637703
sub-067,0,loc,pIPS,right,25.969685658812523,-48.80196041427553,19.37462620437145
sub-067,1,loc,LO,left,-47.52067197859287,-49.36627333052456,-3.424300298094749
sub-067,1,loc,LO,right,48.541243866086006,-49.53335432894528,-4.415806874632835
sub-067,1,loc,PFS,left,-43.85882780700922,-35.38125612586737,-21.14463037252426
sub-067,1,loc,PFS,right,42.70926009863615,-40.4012811537832,-5.185759142041206
sub-067,1,loc,aIPS,left,-28.151628755033016,-54.78943362273276,19.322683408856392
sub-067,1,loc,aIPS,right,14.164677046239376,-42.79409946501255,56.664652824401855
sub-067,1,loc,pIPS,left,-28.151628755033016,-54.78943362273276,19.322683408856392
sub-067,1,loc,pIPS,right,13.352967329323292,-58.34421334974468,38.12995360791683
sub-067,2,loc,LO,left,-46.438043013215065,-50.099598187953234,-7.334560960531235
sub-067,2,loc,LO,right,49.56149477511645,-48.56631185486913,-4.570423811674118
sub-067,2,loc,PFS,left,-30.17576547712088,-42.22934811189771,-12.491574734449388
sub-067,2,loc,PFS,right,32.066585175693035,-36.28713719546795,-17.343308687210083
sub-067,2,loc,aIPS,left,-26.297459796071053,-59.382742730900645,22.231897577643394
sub-067,2,loc,aIPS,right,27.927444100379944,-50.80258358456194,19.780392959713936
sub-067,2,loc,pIPS,left,-26.297459796071053,-59.382742730900645,22.231897577643394
sub-067,2,loc,pIPS,right,27.927444100379944,-50.80258358456194,19.780392959713936
sub-068,0,loc,LO,left,-39.48449306259863,-39.65715454053134,-12.997198097407818
sub-068,0,loc,LO,right,34.53932547895238,-56.60142579022795,-11.462285481393335
sub-068,0,loc,PFS,left,-38.487964855274186,-35.724286979064345,-13.731693059206007
sub-068,0,loc,PFS,right,30.3814155026339,-17.686423477716744,-21.123258106410503
sub-068,0,loc,aIPS,left,-29.234187833033506,-38.177691656164825,36.06136306375265
sub-068,0,loc,aIPS,right,30.263840418774635,-50.33569945022464,47.60090923309326
sub-068,0,loc,pIPS,left,-11.283607341814786,-64.09310124162585,38.73860625177622
sub-068,0,loc,pIPS,right,16.502661160659045,-64.98687258083373,33.530629344284534
sub-068,1,loc,LO,left,-39.439687305362895,-37.514942462556064,-12.357729576528072
sub-068,1,loc,LO,right,34.53932547895238,-56.60142579022795,-11.462285481393335
sub-068,1,loc,PFS,left,-39.9118609263096,-19.53505756985396,-25.643090210855007
sub-068,1,loc,PFS,right,30.38081260141917,-16.701373335905373,-21.29552499204874
sub-068,1,loc,aIPS,left,-23.548763149650767,-62.08262551296502,32.86292087286711
sub-068,1,loc,aIPS,right,26.58167079696432,-60.7757784826681,34.355292193591595
sub-068,1,loc,pIPS,left,-23.548763149650767,-62.08262551296502,32.86292087286711
sub-068,1,loc,pIPS,right,26.58167079696432,-60.7757784826681,34.355292193591595
sub-068,2,loc,LO,left,-38.48555325041525,-39.66448754630983,-13.04262551665306
sub-068,2,loc,LO,right,34.538722577737644,-55.61637564841658,-11.634552367031574
sub-068,2,loc,PFS,left,-38.44195329560898,-35.552175184711814,-12.74769076704979
sub-068,2,loc,PFS,right,30.3814155026339,-17.686423477716744,-21.123258106410503
sub-068,2,loc,aIPS,left,-24.68634054204449,-61.60657774843276,29.78407453000545
sub-068,2,loc,aIPS,right,35.43047702033073,-55.44781006686389,29.960837230086327
sub-068,2,loc,pIPS,left,-24.68634054204449,-61.60657774843276,29.78407453000545
sub-068,2,loc,pIPS,right,34.432743010576814,-57.41057734470815,30.350798420608044
sub-071,0,loc,LO,left,-53.88575541973114,-40.83095856010914,4.882818818092346
sub-071,0,loc,LO,right,59.471242520958185,-24.986795037984848,10.551774442195892
sub-071,0,loc,PFS,left,-47.10378444567323,-28.69068724662065,-2.902976557612419
sub-071,0,loc,PFS,right,45.584259532392025,-20.044869154691696,0.1244633197784423
sub-071,0,loc,aIPS,left,-23.090841256082054,-36.18252383172512,39.72623938322067
sub-071,0,loc,aIPS,right,37.93357741832733,-46.07548829168081,53.6956651955843
sub-071,0,loc,pIPS,left,-29.85092917084694,-60.41584511101246,29.1883442401886
sub-071,0,loc,pIPS,right,37.76171348243952,-51.42130765318871,33.2654755115509
sub-071,1,loc,LO,left,-41.15354301407933,-56.28244340419769,0.7425065338611603
sub-071,1,loc,LO,right,58.5052971765399,-26.01158534735441,10.681208208203316
sub-071,1,loc,PFS,left,-39.80861176922917,-26.38227865099907,-15.168849289417269
sub-071,1,loc,PFS,right,42.89480559900403,-17.290839217603207,-13.593486025929453
sub-071,1,loc,aIPS,left,-4.650886196643114,-66.36643802374601,31.07182095944881
sub-071,1,loc,aIPS,right,10.16007487475872,-62.515897676348686,33.02335524559021
sub-071,1,loc,pIPS,left,-5.547726195305586,-68.53658539056778,30.374585777521133
sub-071,1,loc,pIPS,right,10.16007487475872,-62.515897676348686,33.02335524559021
sub-071,2,loc,LO,left,-48.15918869897723,-33.53685964643955,4.93288516998291
sub-071,2,loc,LO,right,60.50290095061064,-25.935151644051075,10.742298230528831
sub-071,2,loc,PFS,left,-37.90618536248803,-22.518334716558456,-16.734322100877762
sub-071,2,loc,PFS,right,36.06408284232021,-23.319014325737957,-11.860780715942385
sub-071,2,loc,aIPS,left,-15.897167034447191,-58.066445872187614,28.30936911702156
sub-071,2,loc,aIPS,right,1.5031488463282583,-36.9504259750247,54.94284792244434
sub-071,2,loc,pIPS,left,-5.257735770195723,-69.80685418844223,22.48140397667885
sub-071,2,loc,pIPS,right,9.256450355052948,-66.34162475913763,34.61937306821346
sub-083,0,loc,LO,left,-44.15634787990712,-47.87952803261578,6.222721066558734
sub-083,0,loc,LO,right,40.81594755500555,-50.604107826948166,1.3958968818187714
sub-083,0,loc,PFS,left,-46.12300713500008,-35.93616402707994,0.7010978932958096
sub-083,0,loc,PFS,right,34.97014844510704,-10.761179562658072,-4.878481474239379
sub-083,0,loc,aIPS,left,-19.981428704690188,-39.76943576522172,45.39925326243974
sub-083,0,loc,aIPS,right,21.99252453679219,-50.65180063061416,51.462623407831416
sub-083,0,loc,pIPS,left,-19.981428704690188,-39.76943576522172,45.39925326243974
sub-083,0,loc,pIPS,right,21.99252453679219,-50.65180063061416,51.462623407831416
sub-083,1,loc,LO,left,-44.15172020974569,-47.6020634341985,7.183445777976885
sub-083,1,loc,LO,right,46.87579770642333,-41.68589005246759,7.11810537846759
sub-083,1,loc,PFS,left,-46.12300713500008,-35.93616402707994,0.7010978932958096
sub-083,1,loc,PFS,right,34.97014844510704,-10.761179562658072,-4.878481474239379
sub-083,1,loc,aIPS,left,-19.981428704690188,-39.76943576522172,45.39925326243974
sub-083,1,loc,aIPS,right,25.931736517464746,-56.60380732081831,41.71294386009686
sub-083,1,loc,pIPS,left,-19.981428704690188,-39.76943576522172,45.39925326243974
sub-083,1,loc,pIPS,right,25.931736517464746,-56.60380732081831,41.71294386009686
sub-083,2,loc,LO,left,-44.15172020974569,-47.6020634341985,7.183445777976885
sub-083,2,loc,LO,right,40.81594755500555,-50.604107826948166,1.3958968818187714
sub-083,2,loc,PFS,left,-46.12300713500008,-35.93616402707994,0.7010978932958096
sub-083,2,loc,PFS,right,32.963630276266485,-12.67377133667469,-4.316445296630263
sub-083,2,loc,aIPS,left,-24.053271367913112,-47.884920159354806,35.2721097425092
sub-083,2,loc,aIPS,right,25.93038313090801,-55.92054625414312,40.474738486809656
sub-083,2,loc,pIPS,left,-24.053271367913112,-47.884920159354806,35.2721097425092
sub-083,2,loc,pIPS,right,25.93038313090801,-55.92054625414312,40.474738486809656
sub-084,0,loc,LO,left,-47.67938945069909,-26.857866927981377,35.07851418107748
sub-084,0,loc,LO,right,54.8948361389339,-30.115705221891403,29.432027772068977
sub-084,0,loc,PFS,left,-45.70540006458759,-25.81965833902359,34.91890040040016
sub-084,0,loc,PFS,right,33.06125772744417,-10.471918158233166,31.28003514930606
sub-084,0,loc,aIPS,left,-27.84128281474113,-44.309462033212185,72.93204739317298
sub-084,0,loc,aIPS,right,34.35830643028021,-38.32108492404223,66.65999500826001
sub-084,0,loc,pIPS,left,-27.84128281474113,-44.309462033212185,72.93204739317298
sub-084,0,loc,pIPS,right,48.394227258861065,-42.68900565803051,48.94238620251417
sub-084,1,loc,LO,left,-46.73695743456483,-26.567522458732128,36.09218023344874
sub-084,1,loc,LO,right,56.863345712423325,-24.46150278300047,46.69919089600444
sub-084,1,loc,PFS,left,-45.70540006458759,-25.81965833902359,34.91890040040016
sub-084,1,loc,PFS,right,49.055165365338326,-15.187223605811596,35.51796246692538
sub-084,1,loc,aIPS,left,-28.839474350214005,-44.34535653889179,72.8838584497571
sub-084,1,loc,aIPS,right,31.833549819886684,-54.40038160979748,68.68034064024687
sub-084,1,loc,pIPS,left,-28.839474350214005,-44.34535653889179,72.8838584497571
sub-084,1,loc,pIPS,right,31.833549819886684,-54.40038160979748,68.68034064024687
sub-084,2,loc,LO,left,-46.73695743456483,-26.567522458732128,36.09218023344874
sub-084,2,loc,LO,right,46.69354313239455,-51.29384710639715,28.32529797777533
sub-084,2,loc,PFS,left,-40.8049158975482,-13.128111578524113,27.714053336530924
sub-084,2,loc,PFS,right,53.38248862326145,-16.570345364511013,29.917855586856604
sub-084,2,loc,aIPS,left,-28.87284018471837,-45.05732615292072,74.10532722622156
sub-084,2,loc,aIPS,right,30.891117803752422,-54.690726079046726,67.6666745878756
sub-084,2,loc,pIPS,left,-28.87284018471837,-45.05732615292072,74.10532722622156
sub-084,2,loc,pIPS,right,49.43720616400242,-44.585950307548046,49.50255848094821
sub-085,0,loc,LO,left,-52.665200777351856,-45.27242590487003,-13.838599625974894
sub-085,0,loc,LO,right,42.54175109788776,-25.573219060897827,-23.24769044481218
sub-085,0,loc,PFS,left,-43.49537364020944,-24.10170539841056,-20.52548004500568
sub-085,0,loc,PFS,right,50.20658737793565,-13.327045537531376,-22.717407731339332
sub-085,0,loc,aIPS,left,-24.51557946577668,-46.85199068672955,19.314078422263265
sub-085,0,loc,aIPS,right,38.00775391235948,-56.89485944621265,24.505816215649247
sub-085,0,loc,pIPS,left,-23.62005991116166,-67.21537556499243,-2.354576041921973
sub-085,0,loc,pIPS,right,38.00775391235948,-56.89485944621265,24.505816215649247
sub-085,1,loc,LO,left,-52.665200777351856,-45.27242590487003,-13.838599625974894
sub-085,1,loc,LO,right,40.86321607604623,-41.71434628590941,-27.90027234517038
sub-085,1,loc,PFS,left,-43.49537364020944,-24.10170539841056,-20.52548004500568
sub-085,1,loc,PFS,right,50.236537873744965,-14.32644472271204,-22.69996451959014
sub-085,1,loc,aIPS,left,-24.51557946577668,-46.85199068672955,19.314078422263265
sub-085,1,loc,aIPS,right,38.00775391235948,-56.89485944621265,24.505816215649247
sub-085,1,loc,pIPS,left,-23.62005991116166,-67.21537556499243,-2.354576041921973
sub-085,1,loc,pIPS,right,38.00775391235948,-56.89485944621265,24.505816215649247
sub-085,2,loc,LO,left,-52.665200777351856,-45.27242590487003,-13.838599625974894
sub-085,2,loc,LO,right,42.51180060207844,-24.573819875717163,-23.26513365656137
sub-085,2,loc,PFS,left,-43.49537364020944,-24.10170539841056,-20.52548004500568
sub-085,2,loc,PFS,right,50.236537873744965,-14.32644472271204,-22.69996451959014
sub-085,2,loc,aIPS,left,-19.830774404108524,-53.45431031472981,34.29613061249256
sub-085,2,loc,aIPS,right,35.212150022387505,-51.78359558060765,35.50852181017399
sub-085,2,loc,pIPS,left,-23.62005991116166,-67.21537556499243,-2.354576041921973
sub-085,2,loc,pIPS,right,35.212150022387505,-51.78359558060765,35.50852181017399
sub-087,0,loc,LO,left,-37.10805665142834,-43.59259533509612,7.968732059001923
sub-087,0,loc,LO,right,31.246728977188468,-44.34587375074625,8.214539527893066
sub-087,0,loc,PFS,left,-36.73883028700948,-21.636353995651007,1.055909812450409
sub-087,0,loc,PFS,right,31.14913224428892,-13.780910541303456,-5.23066221177578
sub-087,0,loc,aIPS,left,-31.485681977123026,-34.623112846165895,30.103261053562164
sub-087,0,loc,aIPS,right,12.549294928088784,-55.515324018895626,35.245070815086365
sub-087,0,loc,pIPS,left,-38.09302964434028,-46.094600047916174,17.90703195333481
sub-087,0,loc,pIPS,right,35.72711509466171,-35.54446738399565,21.94266501069069
sub-087,1,loc,LO,left,-50.75601378455758,-29.580838220193986,1.69146266579628
sub-087,1,loc,LO,right,41.20675716176629,-25.321893548592925,6.243221491575241
sub-087,1,loc,PFS,left,-36.73883028700948,-21.636353995651007,1.055909812450409
sub-087,1,loc,PFS,right,32.13217101804912,-14.73123086243868,-4.869377017021179
sub-087,1,loc,aIPS,left,-31.588693100959063,-34.36452325060964,31.06374019384384
sub-087,1,loc,aIPS,right,25.23774596303701,-17.79488983284682,72.26091013848782
sub-087,1,loc,pIPS,left,-35.94291894324124,-41.49279478378594,15.857540518045424
sub-087,1,loc,pIPS,right,36.37874550744891,-43.14976784028113,16.772096186876297
sub-087,2,loc,LO,left,-35.105321157723665,-39.14332429971546,-2.384675219655037
sub-087,2,loc,LO,right,31.246728977188468,-44.34587375074625,8.214539527893066
sub-087,2,loc,PFS,left,-36.73883028700948,-21.636353995651007,1.055909812450409
sub-087,2,loc,PFS,right,37.48178437165916,-13.0864419285208,1.5084238350391388
sub-087,2,loc,aIPS,left,-31.691704224795103,-34.10593365505338,32.02421933412552
sub-087,2,loc,aIPS,right,26.476201934739947,-37.39503845758736,33.94250097870827
sub-087,2,loc,pIPS,left,-34.93673101812601,-40.51139067579061,15.70123066008091
sub-087,2,loc,pIPS,right,32.239408107474446,-47.78265689127147,18.616612285375595
sub-088,0,loc,LO,left,-34.13088757544756,-36.44852097146213,0.4582821428775787
sub-088,0,loc,LO,right,40.99467487260699,-38.67411209829152,13.883333295583723
sub-088,0,loc,PFS,left,-33.13330615311861,-36.43161303550005,0.3908144533634186
sub-088,0,loc,PFS,right,35.56130659207702,-29.20689813233912,-4.794206023216248
sub-088,0,loc,aIPS,left,-20.81417317688465,-64.52578295953572,42.10360729694367
sub-088,0,loc,aIPS,right,33.616454880684614,-53.57550217024982,49.27416701614857
sub-088,0,loc,pIPS,left,-29.07940784469247,-57.76191007718444,25.342454567551613
sub-088,0,loc,pIPS,right,34.660562597215176,-51.58958869799972,20.744076251983643
sub-088,1,loc,LO,left,-34.13088757544756,-36.44852097146213,0.4582821428775787
sub-088,1,loc,LO,right,43.65418322011829,-41.096907675266266,8.133799657225609
sub-088,1,loc,PFS,left,-34.13088757544756,-36.44852097146213,0.4582821428775787
sub-088,1,loc,PFS,right,36.62541763111949,-31.125697884708643,-4.3630662858486176
sub-088,1,loc,aIPS,left,-20.81417317688465,-64.52578295953572,42.10360729694367
sub-088,1,loc,aIPS,right,33.616454880684614,-53.57550217024982,49.27416701614857
sub-088,1,loc,pIPS,left,-29.07940784469247,-57.76191007718444,25.342454567551613
sub-088,1,loc,pIPS,right,33.616454880684614,-53.57550217024982,49.27416701614857
sub-088,2,loc,LO,left,-34.13088757544756,-36.44852097146213,0.4582821428775787
sub-088,2,loc,LO,right,44.65176464244723,-41.079999739304185,8.066331967711449
sub-088,2,loc,PFS,left,-34.13088757544756,-36.44852097146213,0.4582821428775787
sub-088,2,loc,PFS,right,33.499614130705595,-27.30500631593168,-5.157878071069717
sub-088,2,loc,aIPS,left,-20.81417317688465,-64.52578295953572,42.10360729694367
sub-088,2,loc,aIPS,right,33.616454880684614,-53.57550217024982,49.27416701614857
sub-088,2,loc,pIPS,left,-20.81417317688465,-64.52578295953572,42.10360729694367
sub-088,2,loc,pIPS,right,41.38237241283059,-58.06711216457188,14.755814328789713
sub-093,0,loc,LO,left,-34.52559769153595,-47.45630224049091,-10.894365625455976
sub-093,0,loc,LO,right,35.5689686909318,-48.19107110053301,-9.10891615692526
sub-093,0,loc,PFS,left,-27.64433322846889,-21.531973659992214,-15.539475893601775
sub-093,0,loc,PFS,right,32.60396094620228,-26.238732650876045,-10.250638645142317
sub-093,0,loc,aIPS,left,-20.825973734259605,-65.81538126990199,26.203661391045895
sub-093,0,loc,aIPS,right,7.535890176892281,-52.67078939825296,52.88362025935203
sub-093,0,loc,pIPS,left,-35.221023719757795,-55.83552796021104,8.478422809857875
sub-093,0,loc,pIPS,right,31.895406257361174,-56.98491629213095,8.274211541749537
sub-093,1,loc,LO,left,-36.26084756478667,-53.19579542428255,-15.142553945071995
sub-093,1,loc,LO,right,37.6437328979373,-49.939735904335976,-7.829265778884292
sub-093,1,loc,PFS,left,-28.686449076980352,-20.58698495104909,-15.684341221582144
sub-093,1,loc,PFS,right,32.56086889281869,-25.24974586069584,-10.392230208963156
sub-093,1,loc,aIPS,left,-18.74174203723669,-67.70535868778825,26.49339204700664
sub-093,1,loc,aIPS,right,26.93259653821588,-60.45348475500941,42.05792606016621
sub-093,1,loc,pIPS,left,-35.28305075317621,-54.56391594186425,10.316670690197498
sub-093,1,loc,pIPS,right,26.93259653821588,-60.45348475500941,42.05792606016621
sub-093,2,loc,LO,left,-35.56771354004741,-46.511313531547785,-11.039230953436345
sub-093,2,loc,LO,right,35.6215282343328,-49.321370504796505,-9.957244315184653
sub-093,2,loc,PFS,left,-27.687425281852484,-20.54298686981201,-15.681067457422614
sub-093,2,loc,PFS,right,32.56086889281869,-25.24974586069584,-10.392230208963156
sub-093,2,loc,aIPS,left,-19.802792865782976,-66.47774475067854,28.32836616318673
sub-093,2,loc,aIPS,right,26.93259653821588,-60.45348475500941,42.05792606016621
sub-093,2,loc,pIPS,left,-34.22199992462993,-55.79152987897396,8.481696574017406
sub-093,2,loc,pIPS,right,26.93259653821588,-60.45348475500941,42.05792606016621
sub-094,0,loc,LO,left,-39.68014806415886,-45.69377589598298,16.89550743997097
sub-094,0,loc,LO,right,48.024664300493896,-33.336907152086496,18.680746227502823
sub-094,0,loc,PFS,left,-33.29029731918126,-20.634555296972398,14.61397486552596
sub-094,0,loc,PFS,right,38.73921131994575,-22.428488494828343,19.567827101796865
sub-094,0,loc,aIPS,left,-27.94353283196688,-44.67495581880212,46.05393885076046
sub-094,0,loc,aIPS,right,29.466469048522413,-61.86985988728702,51.29155232384801
sub-094,0,loc,pIPS,left,-27.93291942682117,-44.76830505952239,45.05836199223995
sub-094,0,loc,pIPS,right,45.38759126048535,-53.00720594637096,34.5591979958117
sub-094,1,loc,LO,left,-39.70445576775819,-44.69846123829484,16.801923654973507
sub-094,1,loc,LO,right,35.001838081516325,-31.86049118079245,16.39459541812539
sub-094,1,loc,PFS,left,-33.33891272637993,-18.643925981596112,14.426807295531034
sub-094,1,loc,PFS,right,34.97753037791699,-30.86517652310431,16.301011633127928
sub-094,1,loc,aIPS,left,-23.676181175746024,-53.1901439614594,39.86674943566322
sub-094,1,loc,aIPS,right,29.466469048522413,-61.86985988728702,51.29155232384801
sub-094,1,loc,pIPS,left,-23.676181175746024,-53.1901439614594,39.86674943566322
sub-094,1,loc,pIPS,right,44.5550152445212,-59.19098582491279,33.12125241011381
sub-094,2,loc,LO,left,-38.88112243171781,-36.08883283101022,11.98565673455596
sub-094,2,loc,LO,right,46.52966619376093,-52.67166951298714,16.459941551089287
sub-094,2,loc,PFS,left,-37.95439649466425,-33.07769540697336,11.713199958205225
sub-094,2,loc,PFS,right,34.97753037791699,-30.86517652310431,16.301011633127928
sub-094,2,loc,aIPS,left,-5.522618351504207,-65.08412995934486,58.251031436026096
sub-094,2,loc,aIPS,right,19.66952301003039,-37.86594745889306,74.04747930914164
sub-094,2,loc,pIPS,left,-35.68121242988855,-51.06661684438586,33.51300198584795
sub-094,2,loc,pIPS,right,46.49508452787995,-57.05662036687136,33.9462508559227
sub-095,0,loc,LO,left,-42.58706272765994,-48.14844799041748,-20.962349705398083
sub-095,0,loc,LO,right,43.06174420192838,-38.38931760191917,-19.945891439914703
sub-095,0,loc,PFS,left,-39.68186440691352,-28.261748254299164,-12.013663180172443
sub-095,0,loc,PFS,right,35.841709207743406,-7.452857792377472,-27.349035166203976
sub-095,0,loc,aIPS,left,-24.40278397873044,-45.328975424170494,9.55620539560914
sub-095,0,loc,aIPS,right,5.6969611980021,-55.48416544497013,26.37513765320182
sub-095,0,loc,pIPS,left,-35.95358058065176,-53.58458824455738,5.50357661023736
sub-095,0,loc,pIPS,right,19.89452127367258,-49.10896570980549,6.480768773704767
sub-095,1,loc,LO,left,-42.476121217012405,-50.28347006440163,-21.617615185678005
sub-095,1,loc,LO,right,37.93830724060536,-32.53604619204998,-26.14988869801164
sub-095,1,loc,PFS,left,-39.38593127578497,-24.48357394337654,-31.904310010373592
sub-095,1,loc,PFS,right,35.841709207743406,-7.452857792377472,-27.349035166203976
sub-095,1,loc,aIPS,left,-25.264123760163784,-39.91027869284153,36.011749882251024
sub-095,1,loc,aIPS,right,5.263050682842732,-47.76529465615749,30.14750523492694
sub-095,1,loc,pIPS,left,-35.419427651911974,-64.91672043502331,4.364513803273439
sub-095,1,loc,pIPS,right,20.84901533648372,-40.31618101894856,34.45890114828944
sub-095,2,loc,LO,left,-31.126653011888266,-37.10079127550125,-18.39172003418207
sub-095,2,loc,LO,right,47.10761135071516,-37.71757745742798,-22.975694566965103
sub-095,2,loc,PFS,left,-35.4543799161911,-30.874639064073563,-16.519343994557858
sub-095,2,loc,PFS,right,35.962506245821714,-10.409097373485563,-26.852994985878468
sub-095,2,loc,aIPS,left,-14.560253988951445,-51.780299976468086,29.19048447534442
sub-095,2,loc,aIPS,right,34.43020398542285,-25.23693637549877,24.25265345349908
sub-095,2,loc,pIPS,left,-34.491377890110016,-63.72238305211067,5.20848111063242
sub-095,2,loc,pIPS,right,16.978032283484936,-53.51343443989754,11.181272841989994
sub-096,0,loc,LO,left,-30.836858727037907,-51.64861005544663,-11.832781732082369
sub-096,0,loc,LO,right,47.186039093881845,-52.566673934459686,-15.784474089741709
sub-096,0,loc,PFS,left,-32.65111103095114,-16.757882714271545,-21.8500457406044
sub-096,0,loc,PFS,right,36.62960218824446,-20.45745587348938,-21.128641702234745
sub-096,0,loc,aIPS,left,-16.61985444277525,-60.539556086063385,13.323304884135723
sub-096,0,loc,aIPS,right,33.153099274262786,-53.03902500867844,13.96203150600195
sub-096,0,loc,pIPS,left,-14.377812042832376,-62.85258626937866,17.638760410249233
sub-096,0,loc,pIPS,right,39.17303813993931,-63.81602674722672,0.1918920204043388
sub-096,1,loc,LO,left,-30.836858727037907,-51.64861005544663,-11.832781732082369
sub-096,1,loc,LO,right,47.186039093881845,-52.566673934459686,-15.784474089741709
sub-096,1,loc,PFS,left,-40.218770587816834,-25.998957693576813,-20.322502568364143
sub-096,1,loc,PFS,right,37.4149601906538,-16.60129487514496,-22.713961720466614
sub-096,1,loc,aIPS,left,-14.35165691934526,-62.710441410541534,18.62826063483953
sub-096,1,loc,aIPS,right,31.453187556937337,-55.238121509552,20.386538706719875
sub-096,1,loc,pIPS,left,-16.54693607799709,-61.38634043931961,14.453631855547428
sub-096,1,loc,pIPS,right,39.2665646225214,-65.79388517141342,0.4735455140471458
sub-096,2,loc,LO,left,-31.92895130068064,-49.71334064006805,-12.08192241936922
sub-096,2,loc,LO,right,46.16686488501728,-51.47818887233734,-14.903287805616856
sub-096,2,loc,PFS,left,-35.70456356368959,-35.433604061603546,-17.065285876393318
sub-096,2,loc,PFS,right,37.4149601906538,-16.60129487514496,-22.713961720466614
sub-096,2,loc,aIPS,left,-16.61985444277525,-60.539556086063385,13.323304884135723
sub-096,2,loc,aIPS,right,33.68968295119703,-58.82437062263489,22.863820530474182
sub-096,2,loc,pIPS,left,-15.522214863449337,-61.20160657167435,15.410619273781776
sub-096,2,loc,pIPS,right,35.64946300536394,-44.43732964992523,9.628551691770554
sub-097,0,loc,LO,left,-34.12004681862891,-47.623351835645735,-6.907855583354831
sub-097,0,loc,LO,right,51.74187874980271,-38.25090555008501,-8.853840993717313
sub-097,0,loc,PFS,left,-44.59304467216134,-29.942713192664087,-14.889708625152709
sub-097,0,loc,PFS,right,33.15769193135202,-19.23936773557216,-19.90757534466684
sub-097,0,loc,aIPS,left,-38.38038227520883,-39.33181136380881,56.763955464586616
sub-097,0,loc,aIPS,right,28.92156762070954,-47.31677074637264,27.94338336400688
sub-097,0,loc,pIPS,left,-23.14634343609214,-50.86234995257109,24.889713486656547
sub-097,0,loc,pIPS,right,28.92156762070954,-47.31677074637264,27.94338336400688
sub-097,1,loc,LO,left,-34.12807249650359,-48.78441945556551,-7.715232564136386
sub-097,1,loc,LO,right,49.71301453001797,-46.228083548136055,-13.463427489623427
sub-097,1,loc,PFS,left,-46.64456328749657,-30.32322366256267,-16.79927117191255
sub-097,1,loc,PFS,right,33.15769193135202,-19.23936773557216,-19.90757534466684
sub-097,1,loc,aIPS,left,-38.38038227520883,-39.33181136380881,56.763955464586616
sub-097,1,loc,aIPS,right,27.08907743357122,-59.506869410164654,28.151756713166836
sub-097,1,loc,pIPS,left,-20.88602308370173,-60.14622770715505,29.54809425212443
sub-097,1,loc,pIPS,right,27.08907743357122,-59.506869410164654,28.151756713166836
sub-097,2,loc,LO,left,-34.12807249650359,-48.78441945556551,-7.715232564136386
sub-097,2,loc,LO,right,49.71301453001797,-46.228083548136055,-13.463427489623427
sub-097,2,loc,PFS,left,-45.59252593293786,-29.95603315718472,-14.860618259757755
sub-097,2,loc,PFS,right,35.19315919093788,-21.18099250551313,-19.612766759470105
sub-097,2,loc,aIPS,left,-28.284081131219864,-46.26447343546897,56.72464277781546
sub-097,2,loc,aIPS,right,29.177100786939263,-61.09462363924831,30.41430857591331
sub-097,2,loc,pIPS,left,-14.502990493550897,-58.57334648352116,43.32424966059625
sub-097,2,loc,pIPS,right,31.40467715635896,-52.96071623079479,7.547797169536352
sub-107,0,loc,LO,left,-54.24994533881545,-38.12092486023903,15.17073780298233
sub-107,0,loc,LO,right,28.977227967232466,-49.53524687886238,17.14863806962967
sub-107,0,loc,PFS,left,-31.10218015685677,-21.049197018146515,19.381989024579525
sub-107,0,loc,PFS,right,32.78408909216523,-17.942943066358566,21.077265799045563
sub-107,0,loc,aIPS,left,-33.52298793941736,-53.702006816864014,46.5653221309185
sub-107,0,loc,aIPS,right,19.11437894031405,-54.78218647837639,40.39070048928261
sub-107,0,loc,pIPS,left,-53.873020108789206,-53.23049074411392,30.42061922699213
sub-107,0,loc,pIPS,right,19.11437894031405,-54.78218647837639,40.39070048928261
sub-107,1,loc,LO,left,-47.814638670533895,-34.91064664721489,15.700590029358864
sub-107,1,loc,LO,right,27.26444038376212,-45.53807494044304,21.282516673207283
sub-107,1,loc,PFS,left,-31.10218015685677,-21.049197018146515,19.381989024579525
sub-107,1,loc,PFS,right,23.296534538269043,-22.59626278281212,17.291439957916737
sub-107,1,loc,aIPS,left,-33.52298793941736,-53.702006816864014,46.5653221309185
sub-107,1,loc,aIPS,right,14.042333982884884,-59.72014999389648,48.86954388022423
sub-107,1,loc,pIPS,left,-33.52298793941736,-53.702006816864014,46.5653221309185
sub-107,1,loc,pIPS,right,14.042333982884884,-59.72014999389648,48.86954388022423
sub-107,2,loc,LO,left,-51.61301004886627,-34.24703711271286,12.517524048686028
sub-107,2,loc,LO,right,27.26444038376212,-45.53807494044304,21.282516673207283
sub-107,2,loc,PFS,left,-31.10218015685677,-21.049197018146515,19.381989024579525
sub-107,2,loc,PFS,right,33.530212584882975,-20.04959410429001,21.004358164966103
sub-107,2,loc,aIPS,left,-33.52298793941736,-53.702006816864014,46.5653221309185
sub-107,2,loc,aIPS,right,14.042333982884884,-59.72014999389648,48.86954388022423
sub-107,2,loc,pIPS,left,-42.25031175091863,-49.54840084910393,29.256919011473656
sub-107,2,loc,pIPS,right,14.042333982884884,-59.72014999389648,48.86954388022423
